model,fold,params,param_key,macro_f1,mean_absolute_age_error,severe_error_rate
logistic_regression,1,"{'C': 0.3, 'class_weight': None, 'fit_weight': 'none'}","[('C', 0.3), ('class_weight', None), ('fit_weight', 'none')]",0.7080339943342776,0.08,0.017777777777777778
logistic_regression,2,"{'C': 0.3, 'class_weight': None, 'fit_weight': 'none'}","[('C', 0.3), ('class_weight', None), ('fit_weight', 'none')]",0.7300982800982802,0.08444444444444445,0.022222222222222223
logistic_regression,3,"{'C': 0.3, 'class_weight': None, 'fit_weight': 'none'}","[('C', 0.3), ('class_weight', None), ('fit_weight', 'none')]",0.6451015838357611,0.1288888888888889,0.044444444444444446
logistic_regression,4,"{'C': 0.3, 'class_weight': None, 'fit_weight': 'none'}","[('C', 0.3), ('class_weight', None), ('fit_weight', 'none')]",0.6216359030112611,0.16964285714285715,0.049107142857142856
logistic_regression,5,"{'C': 0.3, 'class_weight': None, 'fit_weight': 'none'}","[('C', 0.3), ('class_weight', None), ('fit_weight', 'none')]",0.7185358957035258,0.11607142857142858,0.03125
logistic_regression,1,"{'C': 0.3, 'class_weight': 'balanced', 'fit_weight': 'none'}","[('C', 0.3), ('class_weight', 'balanced'), ('fit_weight', 'none')]",0.6483514546517379,0.08444444444444445,0.017777777777777778
logistic_regression,2,"{'C': 0.3, 'class_weight': 'balanced', 'fit_weight': 'none'}","[('C', 0.3), ('class_weight', 'balanced'), ('fit_weight', 'none')]",0.7451546070566243,0.08,0.022222222222222223
logistic_regression,3,"{'C': 0.3, 'class_weight': 'balanced', 'fit_weight': 'none'}","[('C', 0.3), ('class_weight', 'balanced'), ('fit_weight', 'none')]",0.6119565217391304,0.13777777777777778,0.04
logistic_regression,4,"{'C': 0.3, 'class_weight': 'balanced', 'fit_weight': 'none'}","[('C', 0.3), ('class_weight', 'balanced'), ('fit_weight', 'none')]",0.6353757225433526,0.14732142857142858,0.04017857142857143
logistic_regression,5,"{'C': 0.3, 'class_weight': 'balanced', 'fit_weight': 'none'}","[('C', 0.3), ('class_weight', 'balanced'), ('fit_weight', 'none')]",0.7775560696613328,0.12053571428571429,0.03571428571428571
logistic_regression,1,"{'C': 1.0, 'class_weight': None, 'fit_weight': 'none'}","[('C', 1.0), ('class_weight', None), ('fit_weight', 'none')]",0.6483514546517379,0.08444444444444445,0.017777777777777778
logistic_regression,2,"{'C': 1.0, 'class_weight': None, 'fit_weight': 'none'}","[('C', 1.0), ('class_weight', None), ('fit_weight', 'none')]",0.7378777499121338,0.08888888888888889,0.022222222222222223
logistic_regression,3,"{'C': 1.0, 'class_weight': None, 'fit_weight': 'none'}","[('C', 1.0), ('class_weight', None), ('fit_weight', 'none')]",0.6581428571428571,0.12444444444444444,0.04
logistic_regression,4,"{'C': 1.0, 'class_weight': None, 'fit_weight': 'none'}","[('C', 1.0), ('class_weight', None), ('fit_weight', 'none')]",0.6529079182105119,0.14285714285714285,0.04017857142857143
logistic_regression,5,"{'C': 1.0, 'class_weight': None, 'fit_weight': 'none'}","[('C', 1.0), ('class_weight', None), ('fit_weight', 'none')]",0.7154119793250228,0.125,0.03571428571428571
logistic_regression,1,"{'C': 1.0, 'class_weight': 'balanced', 'fit_weight': 'none'}","[('C', 1.0), ('class_weight', 'balanced'), ('fit_weight', 'none')]",0.6483514546517379,0.08444444444444445,0.017777777777777778
logistic_regression,2,"{'C': 1.0, 'class_weight': 'balanced', 'fit_weight': 'none'}","[('C', 1.0), ('class_weight', 'balanced'), ('fit_weight', 'none')]",0.7565831784851957,0.07555555555555556,0.017777777777777778
logistic_regression,3,"{'C': 1.0, 'class_weight': 'balanced', 'fit_weight': 'none'}","[('C', 1.0), ('class_weight', 'balanced'), ('fit_weight', 'none')]",0.6340892248406699,0.13777777777777778,0.04
logistic_regression,4,"{'C': 1.0, 'class_weight': 'balanced', 'fit_weight': 'none'}","[('C', 1.0), ('class_weight', 'balanced'), ('fit_weight', 'none')]",0.6353757225433526,0.14732142857142858,0.04017857142857143
logistic_regression,5,"{'C': 1.0, 'class_weight': 'balanced', 'fit_weight': 'none'}","[('C', 1.0), ('class_weight', 'balanced'), ('fit_weight', 'none')]",0.7626701255733515,0.125,0.03571428571428571
logistic_regression,1,"{'C': 3.0, 'class_weight': None, 'fit_weight': 'none'}","[('C', 3.0), ('class_weight', None), ('fit_weight', 'none')]",0.6483514546517379,0.08444444444444445,0.017777777777777778
logistic_regression,2,"{'C': 3.0, 'class_weight': None, 'fit_weight': 'none'}","[('C', 3.0), ('class_weight', None), ('fit_weight', 'none')]",0.7692068726551484,0.06666666666666667,0.013333333333333334
logistic_regression,3,"{'C': 3.0, 'class_weight': None, 'fit_weight': 'none'}","[('C', 3.0), ('class_weight', None), ('fit_weight', 'none')]",0.6558194976585782,0.1288888888888889,0.044444444444444446
logistic_regression,4,"{'C': 3.0, 'class_weight': None, 'fit_weight': 'none'}","[('C', 3.0), ('class_weight', None), ('fit_weight', 'none')]",0.6668283356925732,0.14285714285714285,0.04017857142857143
logistic_regression,5,"{'C': 3.0, 'class_weight': None, 'fit_weight': 'none'}","[('C', 3.0), ('class_weight', None), ('fit_weight', 'none')]",0.7487148905516252,0.125,0.03571428571428571
logistic_regression,1,"{'C': 3.0, 'class_weight': 'balanced', 'fit_weight': 'none'}","[('C', 3.0), ('class_weight', 'balanced'), ('fit_weight', 'none')]",0.6800194805194806,0.06666666666666667,0.013333333333333334
logistic_regression,2,"{'C': 3.0, 'class_weight': 'balanced', 'fit_weight': 'none'}","[('C', 3.0), ('class_weight', 'balanced'), ('fit_weight', 'none')]",0.7565831784851957,0.07555555555555556,0.017777777777777778
logistic_regression,3,"{'C': 3.0, 'class_weight': 'balanced', 'fit_weight': 'none'}","[('C', 3.0), ('class_weight', 'balanced'), ('fit_weight', 'none')]",0.6326639007251252,0.16,0.044444444444444446
logistic_regression,4,"{'C': 3.0, 'class_weight': 'balanced', 'fit_weight': 'none'}","[('C', 3.0), ('class_weight', 'balanced'), ('fit_weight', 'none')]",0.6347826086956522,0.15178571428571427,0.04017857142857143
logistic_regression,5,"{'C': 3.0, 'class_weight': 'balanced', 'fit_weight': 'none'}","[('C', 3.0), ('class_weight', 'balanced'), ('fit_weight', 'none')]",0.7626701255733515,0.125,0.03571428571428571
logistic_regression,1,"{'C': 0.3, 'class_weight': None, 'fit_weight': 'balanced'}","[('C', 0.3), ('class_weight', None), ('fit_weight', 'balanced')]",0.6535830643345094,0.1288888888888889,0.04
logistic_regression,2,"{'C': 0.3, 'class_weight': None, 'fit_weight': 'balanced'}","[('C', 0.3), ('class_weight', None), ('fit_weight', 'balanced')]",0.716715976331361,0.1511111111111111,0.04888888888888889
logistic_regression,3,"{'C': 0.3, 'class_weight': None, 'fit_weight': 'balanced'}","[('C', 0.3), ('class_weight', None), ('fit_weight', 'balanced')]",0.6002616742899691,0.19111111111111112,0.05333333333333334
logistic_regression,4,"{'C': 0.3, 'class_weight': None, 'fit_weight': 'balanced'}","[('C', 0.3), ('class_weight', None), ('fit_weight', 'balanced')]",0.6244079236391229,0.17857142857142858,0.049107142857142856
logistic_regression,5,"{'C': 0.3, 'class_weight': None, 'fit_weight': 'balanced'}","[('C', 0.3), ('class_weight', None), ('fit_weight', 'balanced')]",0.7415567225301738,0.14732142857142858,0.04017857142857143
logistic_regression,1,"{'C': 1.0, 'class_weight': None, 'fit_weight': 'balanced'}","[('C', 1.0), ('class_weight', None), ('fit_weight', 'balanced')]",0.6593877386980835,0.1111111111111111,0.03111111111111111
logistic_regression,2,"{'C': 1.0, 'class_weight': None, 'fit_weight': 'balanced'}","[('C', 1.0), ('class_weight', None), ('fit_weight', 'balanced')]",0.710722043942479,0.15555555555555556,0.04888888888888889
logistic_regression,3,"{'C': 1.0, 'class_weight': None, 'fit_weight': 'balanced'}","[('C', 1.0), ('class_weight', None), ('fit_weight', 'balanced')]",0.6008792350972832,0.18666666666666668,0.05333333333333334
logistic_regression,4,"{'C': 1.0, 'class_weight': None, 'fit_weight': 'balanced'}","[('C', 1.0), ('class_weight', None), ('fit_weight', 'balanced')]",0.6310745903057896,0.16517857142857142,0.044642857142857144
logistic_regression,5,"{'C': 1.0, 'class_weight': None, 'fit_weight': 'balanced'}","[('C', 1.0), ('class_weight', None), ('fit_weight', 'balanced')]",0.7415567225301738,0.14732142857142858,0.04017857142857143
logistic_regression,1,"{'C': 3.0, 'class_weight': None, 'fit_weight': 'balanced'}","[('C', 3.0), ('class_weight', None), ('fit_weight', 'balanced')]",0.6769136516504938,0.07555555555555556,0.017777777777777778
logistic_regression,2,"{'C': 3.0, 'class_weight': None, 'fit_weight': 'balanced'}","[('C', 3.0), ('class_weight', None), ('fit_weight', 'balanced')]",0.7339717978848415,0.1111111111111111,0.02666666666666667
logistic_regression,3,"{'C': 3.0, 'class_weight': None, 'fit_weight': 'balanced'}","[('C', 3.0), ('class_weight', None), ('fit_weight', 'balanced')]",0.6123919628758339,0.17777777777777778,0.04888888888888889
logistic_regression,4,"{'C': 3.0, 'class_weight': None, 'fit_weight': 'balanced'}","[('C', 3.0), ('class_weight', None), ('fit_weight', 'balanced')]",0.6341860465116278,0.15625,0.04017857142857143
logistic_regression,5,"{'C': 3.0, 'class_weight': None, 'fit_weight': 'balanced'}","[('C', 3.0), ('class_weight', None), ('fit_weight', 'balanced')]",0.7415567225301738,0.14732142857142858,0.04017857142857143
decision_tree,1,"{'max_depth': 8, 'min_samples_leaf': 1, 'class_weight': None, 'fit_weight': 'none'}","[('class_weight', None), ('fit_weight', 'none'), ('max_depth', 8), ('min_samples_leaf', 1)]",0.6842391225394058,0.07111111111111111,0.017777777777777778
decision_tree,2,"{'max_depth': 8, 'min_samples_leaf': 1, 'class_weight': None, 'fit_weight': 'none'}","[('class_weight', None), ('fit_weight', 'none'), ('max_depth', 8), ('min_samples_leaf', 1)]",0.6640121315705693,0.14666666666666667,0.04888888888888889
decision_tree,3,"{'max_depth': 8, 'min_samples_leaf': 1, 'class_weight': None, 'fit_weight': 'none'}","[('class_weight', None), ('fit_weight', 'none'), ('max_depth', 8), ('min_samples_leaf', 1)]",0.5600371593724194,0.18666666666666668,0.057777777777777775
decision_tree,4,"{'max_depth': 8, 'min_samples_leaf': 1, 'class_weight': None, 'fit_weight': 'none'}","[('class_weight', None), ('fit_weight', 'none'), ('max_depth', 8), ('min_samples_leaf', 1)]",0.7223482699943278,0.14285714285714285,0.044642857142857144
decision_tree,5,"{'max_depth': 8, 'min_samples_leaf': 1, 'class_weight': None, 'fit_weight': 'none'}","[('class_weight', None), ('fit_weight', 'none'), ('max_depth', 8), ('min_samples_leaf', 1)]",0.7950554292394055,0.09821428571428571,0.03125
decision_tree,1,"{'max_depth': 8, 'min_samples_leaf': 1, 'class_weight': 'balanced', 'fit_weight': 'none'}","[('class_weight', 'balanced'), ('fit_weight', 'none'), ('max_depth', 8), ('min_samples_leaf', 1)]",0.6572707712677921,0.28,0.06222222222222222
decision_tree,2,"{'max_depth': 8, 'min_samples_leaf': 1, 'class_weight': 'balanced', 'fit_weight': 'none'}","[('class_weight', 'balanced'), ('fit_weight', 'none'), ('max_depth', 8), ('min_samples_leaf', 1)]",0.6516136979551613,0.3022222222222222,0.06666666666666667
decision_tree,3,"{'max_depth': 8, 'min_samples_leaf': 1, 'class_weight': 'balanced', 'fit_weight': 'none'}","[('class_weight', 'balanced'), ('fit_weight', 'none'), ('max_depth', 8), ('min_samples_leaf', 1)]",0.5821494817239498,0.39555555555555555,0.057777777777777775
decision_tree,4,"{'max_depth': 8, 'min_samples_leaf': 1, 'class_weight': 'balanced', 'fit_weight': 'none'}","[('class_weight', 'balanced'), ('fit_weight', 'none'), ('max_depth', 8), ('min_samples_leaf', 1)]",0.54796464297284,0.5,0.14732142857142858
decision_tree,5,"{'max_depth': 8, 'min_samples_leaf': 1, 'class_weight': 'balanced', 'fit_weight': 'none'}","[('class_weight', 'balanced'), ('fit_weight', 'none'), ('max_depth', 8), ('min_samples_leaf', 1)]",0.5597272322624435,0.875,0.20535714285714285
decision_tree,1,"{'max_depth': 8, 'min_samples_leaf': 3, 'class_weight': None, 'fit_weight': 'none'}","[('class_weight', None), ('fit_weight', 'none'), ('max_depth', 8), ('min_samples_leaf', 3)]",0.6478596087456847,0.08444444444444445,0.022222222222222223
decision_tree,2,"{'max_depth': 8, 'min_samples_leaf': 3, 'class_weight': None, 'fit_weight': 'none'}","[('class_weight', None), ('fit_weight', 'none'), ('max_depth', 8), ('min_samples_leaf', 3)]",0.6785735337459475,0.1288888888888889,0.044444444444444446
decision_tree,3,"{'max_depth': 8, 'min_samples_leaf': 3, 'class_weight': None, 'fit_weight': 'none'}","[('class_weight', None), ('fit_weight', 'none'), ('max_depth', 8), ('min_samples_leaf', 3)]",0.5241316490846403,0.18666666666666668,0.06222222222222222
decision_tree,4,"{'max_depth': 8, 'min_samples_leaf': 3, 'class_weight': None, 'fit_weight': 'none'}","[('class_weight', None), ('fit_weight', 'none'), ('max_depth', 8), ('min_samples_leaf', 3)]",0.645404208194906,0.14285714285714285,0.049107142857142856
decision_tree,5,"{'max_depth': 8, 'min_samples_leaf': 3, 'class_weight': None, 'fit_weight': 'none'}","[('class_weight', None), ('fit_weight', 'none'), ('max_depth', 8), ('min_samples_leaf', 3)]",0.7515035443352817,0.10267857142857142,0.04017857142857143
decision_tree,1,"{'max_depth': 8, 'min_samples_leaf': 3, 'class_weight': 'balanced', 'fit_weight': 'none'}","[('class_weight', 'balanced'), ('fit_weight', 'none'), ('max_depth', 8), ('min_samples_leaf', 3)]",0.5038491717523976,0.4088888888888889,0.09777777777777778
decision_tree,2,"{'max_depth': 8, 'min_samples_leaf': 3, 'class_weight': 'balanced', 'fit_weight': 'none'}","[('class_weight', 'balanced'), ('fit_weight', 'none'), ('max_depth', 8), ('min_samples_leaf', 3)]",0.6035133264105227,0.4,0.09777777777777778
decision_tree,3,"{'max_depth': 8, 'min_samples_leaf': 3, 'class_weight': 'balanced', 'fit_weight': 'none'}","[('class_weight', 'balanced'), ('fit_weight', 'none'), ('max_depth', 8), ('min_samples_leaf', 3)]",0.5279880373201913,0.44,0.07111111111111111
decision_tree,4,"{'max_depth': 8, 'min_samples_leaf': 3, 'class_weight': 'balanced', 'fit_weight': 'none'}","[('class_weight', 'balanced'), ('fit_weight', 'none'), ('max_depth', 8), ('min_samples_leaf', 3)]",0.5598413612051225,0.5178571428571429,0.14285714285714285
decision_tree,5,"{'max_depth': 8, 'min_samples_leaf': 3, 'class_weight': 'balanced', 'fit_weight': 'none'}","[('class_weight', 'balanced'), ('fit_weight', 'none'), ('max_depth', 8), ('min_samples_leaf', 3)]",0.5353115404472704,0.9196428571428571,0.22767857142857142
decision_tree,1,"{'max_depth': 12, 'min_samples_leaf': 1, 'class_weight': None, 'fit_weight': 'none'}","[('class_weight', None), ('fit_weight', 'none'), ('max_depth', 12), ('min_samples_leaf', 1)]",0.7674432234432234,0.07111111111111111,0.013333333333333334
decision_tree,2,"{'max_depth': 12, 'min_samples_leaf': 1, 'class_weight': None, 'fit_weight': 'none'}","[('class_weight', None), ('fit_weight', 'none'), ('max_depth', 12), ('min_samples_leaf', 1)]",0.6910046475263867,0.17333333333333334,0.04888888888888889
decision_tree,3,"{'max_depth': 12, 'min_samples_leaf': 1, 'class_weight': None, 'fit_weight': 'none'}","[('class_weight', None), ('fit_weight', 'none'), ('max_depth', 12), ('min_samples_leaf', 1)]",0.6063427611814708,0.17333333333333334,0.044444444444444446
decision_tree,4,"{'max_depth': 12, 'min_samples_leaf': 1, 'class_weight': None, 'fit_weight': 'none'}","[('class_weight', None), ('fit_weight', 'none'), ('max_depth', 12), ('min_samples_leaf', 1)]",0.6577448350250297,0.16071428571428573,0.03571428571428571
decision_tree,5,"{'max_depth': 12, 'min_samples_leaf': 1, 'class_weight': None, 'fit_weight': 'none'}","[('class_weight', None), ('fit_weight', 'none'), ('max_depth', 12), ('min_samples_leaf', 1)]",0.8298615136508154,0.08482142857142858,0.022321428571428572
decision_tree,1,"{'max_depth': 12, 'min_samples_leaf': 1, 'class_weight': 'balanced', 'fit_weight': 'none'}","[('class_weight', 'balanced'), ('fit_weight', 'none'), ('max_depth', 12), ('min_samples_leaf', 1)]",0.686803956707064,0.19111111111111112,0.022222222222222223
decision_tree,2,"{'max_depth': 12, 'min_samples_leaf': 1, 'class_weight': 'balanced', 'fit_weight': 'none'}","[('class_weight', 'balanced'), ('fit_weight', 'none'), ('max_depth', 12), ('min_samples_leaf', 1)]",0.6965617730998996,0.1688888888888889,0.05333333333333334
decision_tree,3,"{'max_depth': 12, 'min_samples_leaf': 1, 'class_weight': 'balanced', 'fit_weight': 'none'}","[('class_weight', 'balanced'), ('fit_weight', 'none'), ('max_depth', 12), ('min_samples_leaf', 1)]",0.6550473778027956,0.24,0.04
decision_tree,4,"{'max_depth': 12, 'min_samples_leaf': 1, 'class_weight': 'balanced', 'fit_weight': 'none'}","[('class_weight', 'balanced'), ('fit_weight', 'none'), ('max_depth', 12), ('min_samples_leaf', 1)]",0.6112017417280575,0.26785714285714285,0.08035714285714286
decision_tree,5,"{'max_depth': 12, 'min_samples_leaf': 1, 'class_weight': 'balanced', 'fit_weight': 'none'}","[('class_weight', 'balanced'), ('fit_weight', 'none'), ('max_depth', 12), ('min_samples_leaf', 1)]",0.6560616467931045,0.375,0.08928571428571429
decision_tree,1,"{'max_depth': 12, 'min_samples_leaf': 3, 'class_weight': None, 'fit_weight': 'none'}","[('class_weight', None), ('fit_weight', 'none'), ('max_depth', 12), ('min_samples_leaf', 3)]",0.7243713805568653,0.10222222222222223,0.02666666666666667
decision_tree,2,"{'max_depth': 12, 'min_samples_leaf': 3, 'class_weight': None, 'fit_weight': 'none'}","[('class_weight', None), ('fit_weight', 'none'), ('max_depth', 12), ('min_samples_leaf', 3)]",0.7509487630525095,0.1111111111111111,0.035555555555555556
decision_tree,3,"{'max_depth': 12, 'min_samples_leaf': 3, 'class_weight': None, 'fit_weight': 'none'}","[('class_weight', None), ('fit_weight', 'none'), ('max_depth', 12), ('min_samples_leaf', 3)]",0.6087285902503294,0.1688888888888889,0.04888888888888889
decision_tree,4,"{'max_depth': 12, 'min_samples_leaf': 3, 'class_weight': None, 'fit_weight': 'none'}","[('class_weight', None), ('fit_weight', 'none'), ('max_depth', 12), ('min_samples_leaf', 3)]",0.6804191306152091,0.12946428571428573,0.03571428571428571
decision_tree,5,"{'max_depth': 12, 'min_samples_leaf': 3, 'class_weight': None, 'fit_weight': 'none'}","[('class_weight', None), ('fit_weight', 'none'), ('max_depth', 12), ('min_samples_leaf', 3)]",0.8134198761426867,0.05803571428571429,0.013392857142857142
decision_tree,1,"{'max_depth': 12, 'min_samples_leaf': 3, 'class_weight': 'balanced', 'fit_weight': 'none'}","[('class_weight', 'balanced'), ('fit_weight', 'none'), ('max_depth', 12), ('min_samples_leaf', 3)]",0.521163602994086,0.38222222222222224,0.08888888888888889
decision_tree,2,"{'max_depth': 12, 'min_samples_leaf': 3, 'class_weight': 'balanced', 'fit_weight': 'none'}","[('class_weight', 'balanced'), ('fit_weight', 'none'), ('max_depth', 12), ('min_samples_leaf', 3)]",0.6274663234663235,0.31555555555555553,0.09333333333333334
decision_tree,3,"{'max_depth': 12, 'min_samples_leaf': 3, 'class_weight': 'balanced', 'fit_weight': 'none'}","[('class_weight', 'balanced'), ('fit_weight', 'none'), ('max_depth', 12), ('min_samples_leaf', 3)]",0.5408935474173899,0.36,0.08
decision_tree,4,"{'max_depth': 12, 'min_samples_leaf': 3, 'class_weight': 'balanced', 'fit_weight': 'none'}","[('class_weight', 'balanced'), ('fit_weight', 'none'), ('max_depth', 12), ('min_samples_leaf', 3)]",0.5724073137345553,0.4375,0.13839285714285715
decision_tree,5,"{'max_depth': 12, 'min_samples_leaf': 3, 'class_weight': 'balanced', 'fit_weight': 'none'}","[('class_weight', 'balanced'), ('fit_weight', 'none'), ('max_depth', 12), ('min_samples_leaf', 3)]",0.5879474176938679,0.45982142857142855,0.12946428571428573
decision_tree,1,"{'max_depth': None, 'min_samples_leaf': 1, 'class_weight': None, 'fit_weight': 'none'}","[('class_weight', None), ('fit_weight', 'none'), ('max_depth', None), ('min_samples_leaf', 1)]",0.7192868513212354,0.09777777777777778,0.022222222222222223
decision_tree,2,"{'max_depth': None, 'min_samples_leaf': 1, 'class_weight': None, 'fit_weight': 'none'}","[('class_weight', None), ('fit_weight', 'none'), ('max_depth', None), ('min_samples_leaf', 1)]",0.7017695754537859,0.16,0.044444444444444446
decision_tree,3,"{'max_depth': None, 'min_samples_leaf': 1, 'class_weight': None, 'fit_weight': 'none'}","[('class_weight', None), ('fit_weight', 'none'), ('max_depth', None), ('min_samples_leaf', 1)]",0.6358543417366948,0.18222222222222223,0.044444444444444446
decision_tree,4,"{'max_depth': None, 'min_samples_leaf': 1, 'class_weight': None, 'fit_weight': 'none'}","[('class_weight', None), ('fit_weight', 'none'), ('max_depth', None), ('min_samples_leaf', 1)]",0.6361681574239715,0.16964285714285715,0.03571428571428571
decision_tree,5,"{'max_depth': None, 'min_samples_leaf': 1, 'class_weight': None, 'fit_weight': 'none'}","[('class_weight', None), ('fit_weight', 'none'), ('max_depth', None), ('min_samples_leaf', 1)]",0.7716408359476206,0.12946428571428573,0.03571428571428571
decision_tree,1,"{'max_depth': None, 'min_samples_leaf': 1, 'class_weight': 'balanced', 'fit_weight': 'none'}","[('class_weight', 'balanced'), ('fit_weight', 'none'), ('max_depth', None), ('min_samples_leaf', 1)]",0.7049840015057407,0.13333333333333333,0.03111111111111111
decision_tree,2,"{'max_depth': None, 'min_samples_leaf': 1, 'class_weight': 'balanced', 'fit_weight': 'none'}","[('class_weight', 'balanced'), ('fit_weight', 'none'), ('max_depth', None), ('min_samples_leaf', 1)]",0.6928951452006207,0.17777777777777778,0.057777777777777775
decision_tree,3,"{'max_depth': None, 'min_samples_leaf': 1, 'class_weight': 'balanced', 'fit_weight': 'none'}","[('class_weight', 'balanced'), ('fit_weight', 'none'), ('max_depth', None), ('min_samples_leaf', 1)]",0.6644967989478375,0.2,0.057777777777777775
decision_tree,4,"{'max_depth': None, 'min_samples_leaf': 1, 'class_weight': 'balanced', 'fit_weight': 'none'}","[('class_weight', 'balanced'), ('fit_weight', 'none'), ('max_depth', None), ('min_samples_leaf', 1)]",0.6306548579625503,0.22767857142857142,0.07589285714285714
decision_tree,5,"{'max_depth': None, 'min_samples_leaf': 1, 'class_weight': 'balanced', 'fit_weight': 'none'}","[('class_weight', 'balanced'), ('fit_weight', 'none'), ('max_depth', None), ('min_samples_leaf', 1)]",0.6901357990783973,0.24553571428571427,0.06696428571428571
decision_tree,1,"{'max_depth': None, 'min_samples_leaf': 3, 'class_weight': None, 'fit_weight': 'none'}","[('class_weight', None), ('fit_weight', 'none'), ('max_depth', None), ('min_samples_leaf', 3)]",0.6921909321909322,0.10666666666666667,0.02666666666666667
decision_tree,2,"{'max_depth': None, 'min_samples_leaf': 3, 'class_weight': None, 'fit_weight': 'none'}","[('class_weight', None), ('fit_weight', 'none'), ('max_depth', None), ('min_samples_leaf', 3)]",0.7229332985854725,0.1288888888888889,0.04
decision_tree,3,"{'max_depth': None, 'min_samples_leaf': 3, 'class_weight': None, 'fit_weight': 'none'}","[('class_weight', None), ('fit_weight', 'none'), ('max_depth', None), ('min_samples_leaf', 3)]",0.6063455252230762,0.19555555555555557,0.057777777777777775
decision_tree,4,"{'max_depth': None, 'min_samples_leaf': 3, 'class_weight': None, 'fit_weight': 'none'}","[('class_weight', None), ('fit_weight', 'none'), ('max_depth', None), ('min_samples_leaf', 3)]",0.7015658850952968,0.14732142857142858,0.044642857142857144
decision_tree,5,"{'max_depth': None, 'min_samples_leaf': 3, 'class_weight': None, 'fit_weight': 'none'}","[('class_weight', None), ('fit_weight', 'none'), ('max_depth', None), ('min_samples_leaf', 3)]",0.7246223164590512,0.08928571428571429,0.026785714285714284
decision_tree,1,"{'max_depth': None, 'min_samples_leaf': 3, 'class_weight': 'balanced', 'fit_weight': 'none'}","[('class_weight', 'balanced'), ('fit_weight', 'none'), ('max_depth', None), ('min_samples_leaf', 3)]",0.5774074736277489,0.30666666666666664,0.08888888888888889
decision_tree,2,"{'max_depth': None, 'min_samples_leaf': 3, 'class_weight': 'balanced', 'fit_weight': 'none'}","[('class_weight', 'balanced'), ('fit_weight', 'none'), ('max_depth', None), ('min_samples_leaf', 3)]",0.6635706939816528,0.29333333333333333,0.08444444444444445
decision_tree,3,"{'max_depth': None, 'min_samples_leaf': 3, 'class_weight': 'balanced', 'fit_weight': 'none'}","[('class_weight', 'balanced'), ('fit_weight', 'none'), ('max_depth', None), ('min_samples_leaf', 3)]",0.5784578371225791,0.29777777777777775,0.08444444444444445
decision_tree,4,"{'max_depth': None, 'min_samples_leaf': 3, 'class_weight': 'balanced', 'fit_weight': 'none'}","[('class_weight', 'balanced'), ('fit_weight', 'none'), ('max_depth', None), ('min_samples_leaf', 3)]",0.5783665201970032,0.41964285714285715,0.13839285714285715
decision_tree,5,"{'max_depth': None, 'min_samples_leaf': 3, 'class_weight': 'balanced', 'fit_weight': 'none'}","[('class_weight', 'balanced'), ('fit_weight', 'none'), ('max_depth', None), ('min_samples_leaf', 3)]",0.6127884615384616,0.38839285714285715,0.12053571428571429
decision_tree,1,"{'max_depth': 8, 'min_samples_leaf': 1, 'class_weight': None, 'fit_weight': 'balanced'}","[('class_weight', None), ('fit_weight', 'balanced'), ('max_depth', 8), ('min_samples_leaf', 1)]",0.6572707712677921,0.28,0.06222222222222222
decision_tree,2,"{'max_depth': 8, 'min_samples_leaf': 1, 'class_weight': None, 'fit_weight': 'balanced'}","[('class_weight', None), ('fit_weight', 'balanced'), ('max_depth', 8), ('min_samples_leaf', 1)]",0.6516136979551613,0.3022222222222222,0.06666666666666667
decision_tree,3,"{'max_depth': 8, 'min_samples_leaf': 1, 'class_weight': None, 'fit_weight': 'balanced'}","[('class_weight', None), ('fit_weight', 'balanced'), ('max_depth', 8), ('min_samples_leaf', 1)]",0.5821494817239498,0.39555555555555555,0.057777777777777775
decision_tree,4,"{'max_depth': 8, 'min_samples_leaf': 1, 'class_weight': None, 'fit_weight': 'balanced'}","[('class_weight', None), ('fit_weight', 'balanced'), ('max_depth', 8), ('min_samples_leaf', 1)]",0.54796464297284,0.5,0.14732142857142858
decision_tree,5,"{'max_depth': 8, 'min_samples_leaf': 1, 'class_weight': None, 'fit_weight': 'balanced'}","[('class_weight', None), ('fit_weight', 'balanced'), ('max_depth', 8), ('min_samples_leaf', 1)]",0.5597272322624435,0.875,0.20535714285714285
decision_tree,1,"{'max_depth': 8, 'min_samples_leaf': 3, 'class_weight': None, 'fit_weight': 'balanced'}","[('class_weight', None), ('fit_weight', 'balanced'), ('max_depth', 8), ('min_samples_leaf', 3)]",0.5038491717523976,0.4088888888888889,0.09777777777777778
decision_tree,2,"{'max_depth': 8, 'min_samples_leaf': 3, 'class_weight': None, 'fit_weight': 'balanced'}","[('class_weight', None), ('fit_weight', 'balanced'), ('max_depth', 8), ('min_samples_leaf', 3)]",0.6035133264105227,0.4,0.09777777777777778
decision_tree,3,"{'max_depth': 8, 'min_samples_leaf': 3, 'class_weight': None, 'fit_weight': 'balanced'}","[('class_weight', None), ('fit_weight', 'balanced'), ('max_depth', 8), ('min_samples_leaf', 3)]",0.5279880373201913,0.44,0.07111111111111111
decision_tree,4,"{'max_depth': 8, 'min_samples_leaf': 3, 'class_weight': None, 'fit_weight': 'balanced'}","[('class_weight', None), ('fit_weight', 'balanced'), ('max_depth', 8), ('min_samples_leaf', 3)]",0.5598413612051225,0.5178571428571429,0.14285714285714285
decision_tree,5,"{'max_depth': 8, 'min_samples_leaf': 3, 'class_weight': None, 'fit_weight': 'balanced'}","[('class_weight', None), ('fit_weight', 'balanced'), ('max_depth', 8), ('min_samples_leaf', 3)]",0.5353115404472704,0.9196428571428571,0.22767857142857142
decision_tree,1,"{'max_depth': 12, 'min_samples_leaf': 1, 'class_weight': None, 'fit_weight': 'balanced'}","[('class_weight', None), ('fit_weight', 'balanced'), ('max_depth', 12), ('min_samples_leaf', 1)]",0.686803956707064,0.19111111111111112,0.022222222222222223
decision_tree,2,"{'max_depth': 12, 'min_samples_leaf': 1, 'class_weight': None, 'fit_weight': 'balanced'}","[('class_weight', None), ('fit_weight', 'balanced'), ('max_depth', 12), ('min_samples_leaf', 1)]",0.6965617730998996,0.1688888888888889,0.05333333333333334
decision_tree,3,"{'max_depth': 12, 'min_samples_leaf': 1, 'class_weight': None, 'fit_weight': 'balanced'}","[('class_weight', None), ('fit_weight', 'balanced'), ('max_depth', 12), ('min_samples_leaf', 1)]",0.6550473778027956,0.24,0.04
decision_tree,4,"{'max_depth': 12, 'min_samples_leaf': 1, 'class_weight': None, 'fit_weight': 'balanced'}","[('class_weight', None), ('fit_weight', 'balanced'), ('max_depth', 12), ('min_samples_leaf', 1)]",0.6112017417280575,0.26785714285714285,0.08035714285714286
decision_tree,5,"{'max_depth': 12, 'min_samples_leaf': 1, 'class_weight': None, 'fit_weight': 'balanced'}","[('class_weight', None), ('fit_weight', 'balanced'), ('max_depth', 12), ('min_samples_leaf', 1)]",0.6560616467931045,0.375,0.08928571428571429
decision_tree,1,"{'max_depth': 12, 'min_samples_leaf': 3, 'class_weight': None, 'fit_weight': 'balanced'}","[('class_weight', None), ('fit_weight', 'balanced'), ('max_depth', 12), ('min_samples_leaf', 3)]",0.521163602994086,0.38222222222222224,0.08888888888888889
decision_tree,2,"{'max_depth': 12, 'min_samples_leaf': 3, 'class_weight': None, 'fit_weight': 'balanced'}","[('class_weight', None), ('fit_weight', 'balanced'), ('max_depth', 12), ('min_samples_leaf', 3)]",0.6274663234663235,0.31555555555555553,0.09333333333333334
decision_tree,3,"{'max_depth': 12, 'min_samples_leaf': 3, 'class_weight': None, 'fit_weight': 'balanced'}","[('class_weight', None), ('fit_weight', 'balanced'), ('max_depth', 12), ('min_samples_leaf', 3)]",0.5408935474173899,0.36,0.08
decision_tree,4,"{'max_depth': 12, 'min_samples_leaf': 3, 'class_weight': None, 'fit_weight': 'balanced'}","[('class_weight', None), ('fit_weight', 'balanced'), ('max_depth', 12), ('min_samples_leaf', 3)]",0.5724073137345553,0.4375,0.13839285714285715
decision_tree,5,"{'max_depth': 12, 'min_samples_leaf': 3, 'class_weight': None, 'fit_weight': 'balanced'}","[('class_weight', None), ('fit_weight', 'balanced'), ('max_depth', 12), ('min_samples_leaf', 3)]",0.5879474176938679,0.45982142857142855,0.12946428571428573
decision_tree,1,"{'max_depth': None, 'min_samples_leaf': 1, 'class_weight': None, 'fit_weight': 'balanced'}","[('class_weight', None), ('fit_weight', 'balanced'), ('max_depth', None), ('min_samples_leaf', 1)]",0.7049840015057407,0.13333333333333333,0.03111111111111111
decision_tree,2,"{'max_depth': None, 'min_samples_leaf': 1, 'class_weight': None, 'fit_weight': 'balanced'}","[('class_weight', None), ('fit_weight', 'balanced'), ('max_depth', None), ('min_samples_leaf', 1)]",0.6928951452006207,0.17777777777777778,0.057777777777777775
decision_tree,3,"{'max_depth': None, 'min_samples_leaf': 1, 'class_weight': None, 'fit_weight': 'balanced'}","[('class_weight', None), ('fit_weight', 'balanced'), ('max_depth', None), ('min_samples_leaf', 1)]",0.6644967989478375,0.2,0.057777777777777775
decision_tree,4,"{'max_depth': None, 'min_samples_leaf': 1, 'class_weight': None, 'fit_weight': 'balanced'}","[('class_weight', None), ('fit_weight', 'balanced'), ('max_depth', None), ('min_samples_leaf', 1)]",0.6306548579625503,0.22767857142857142,0.07589285714285714
decision_tree,5,"{'max_depth': None, 'min_samples_leaf': 1, 'class_weight': None, 'fit_weight': 'balanced'}","[('class_weight', None), ('fit_weight', 'balanced'), ('max_depth', None), ('min_samples_leaf', 1)]",0.6901357990783973,0.24553571428571427,0.06696428571428571
decision_tree,1,"{'max_depth': None, 'min_samples_leaf': 3, 'class_weight': None, 'fit_weight': 'balanced'}","[('class_weight', None), ('fit_weight', 'balanced'), ('max_depth', None), ('min_samples_leaf', 3)]",0.5774074736277489,0.30666666666666664,0.08888888888888889
decision_tree,2,"{'max_depth': None, 'min_samples_leaf': 3, 'class_weight': None, 'fit_weight': 'balanced'}","[('class_weight', None), ('fit_weight', 'balanced'), ('max_depth', None), ('min_samples_leaf', 3)]",0.6635706939816528,0.29333333333333333,0.08444444444444445
decision_tree,3,"{'max_depth': None, 'min_samples_leaf': 3, 'class_weight': None, 'fit_weight': 'balanced'}","[('class_weight', None), ('fit_weight', 'balanced'), ('max_depth', None), ('min_samples_leaf', 3)]",0.5784578371225791,0.29777777777777775,0.08444444444444445
decision_tree,4,"{'max_depth': None, 'min_samples_leaf': 3, 'class_weight': None, 'fit_weight': 'balanced'}","[('class_weight', None), ('fit_weight', 'balanced'), ('max_depth', None), ('min_samples_leaf', 3)]",0.5783665201970032,0.41964285714285715,0.13839285714285715
decision_tree,5,"{'max_depth': None, 'min_samples_leaf': 3, 'class_weight': None, 'fit_weight': 'balanced'}","[('class_weight', None), ('fit_weight', 'balanced'), ('max_depth', None), ('min_samples_leaf', 3)]",0.6127884615384616,0.38839285714285715,0.12053571428571429
random_forest,1,"{'max_depth': None, 'min_samples_leaf': 1, 'max_features': 'sqrt', 'class_weight': None, 'fit_weight': 'none'}","[('class_weight', None), ('fit_weight', 'none'), ('max_depth', None), ('max_features', 'sqrt'), ('min_samples_leaf', 1)]",0.6724601005499882,0.1111111111111111,0.03111111111111111
random_forest,2,"{'max_depth': None, 'min_samples_leaf': 1, 'max_features': 'sqrt', 'class_weight': None, 'fit_weight': 'none'}","[('class_weight', None), ('fit_weight', 'none'), ('max_depth', None), ('max_features', 'sqrt'), ('min_samples_leaf', 1)]",0.7324165216015193,0.12,0.04
random_forest,3,"{'max_depth': None, 'min_samples_leaf': 1, 'max_features': 'sqrt', 'class_weight': None, 'fit_weight': 'none'}","[('class_weight', None), ('fit_weight', 'none'), ('max_depth', None), ('max_features', 'sqrt'), ('min_samples_leaf', 1)]",0.6789935500974986,0.1288888888888889,0.044444444444444446
random_forest,4,"{'max_depth': None, 'min_samples_leaf': 1, 'max_features': 'sqrt', 'class_weight': None, 'fit_weight': 'none'}","[('class_weight', None), ('fit_weight', 'none'), ('max_depth', None), ('max_features', 'sqrt'), ('min_samples_leaf', 1)]",0.6460533061381991,0.125,0.03571428571428571
random_forest,5,"{'max_depth': None, 'min_samples_leaf': 1, 'max_features': 'sqrt', 'class_weight': None, 'fit_weight': 'none'}","[('class_weight', None), ('fit_weight', 'none'), ('max_depth', None), ('max_features', 'sqrt'), ('min_samples_leaf', 1)]",0.7255675165250236,0.08482142857142858,0.017857142857142856
random_forest,1,"{'max_depth': None, 'min_samples_leaf': 1, 'max_features': 'sqrt', 'class_weight': 'balanced', 'fit_weight': 'none'}","[('class_weight', 'balanced'), ('fit_weight', 'none'), ('max_depth', None), ('max_features', 'sqrt'), ('min_samples_leaf', 1)]",0.697170868347339,0.1111111111111111,0.035555555555555556
random_forest,2,"{'max_depth': None, 'min_samples_leaf': 1, 'max_features': 'sqrt', 'class_weight': 'balanced', 'fit_weight': 'none'}","[('class_weight', 'balanced'), ('fit_weight', 'none'), ('max_depth', None), ('max_features', 'sqrt'), ('min_samples_leaf', 1)]",0.7324165216015193,0.12,0.04
random_forest,3,"{'max_depth': None, 'min_samples_leaf': 1, 'max_features': 'sqrt', 'class_weight': 'balanced', 'fit_weight': 'none'}","[('class_weight', 'balanced'), ('fit_weight', 'none'), ('max_depth', None), ('max_features', 'sqrt'), ('min_samples_leaf', 1)]",0.6717458868174863,0.14666666666666667,0.05333333333333334
random_forest,4,"{'max_depth': None, 'min_samples_leaf': 1, 'max_features': 'sqrt', 'class_weight': 'balanced', 'fit_weight': 'none'}","[('class_weight', 'balanced'), ('fit_weight', 'none'), ('max_depth', None), ('max_features', 'sqrt'), ('min_samples_leaf', 1)]",0.6687863111818544,0.14732142857142858,0.049107142857142856
random_forest,5,"{'max_depth': None, 'min_samples_leaf': 1, 'max_features': 'sqrt', 'class_weight': 'balanced', 'fit_weight': 'none'}","[('class_weight', 'balanced'), ('fit_weight', 'none'), ('max_depth', None), ('max_features', 'sqrt'), ('min_samples_leaf', 1)]",0.7236336996336996,0.08035714285714286,0.017857142857142856
random_forest,1,"{'max_depth': None, 'min_samples_leaf': 2, 'max_features': 'sqrt', 'class_weight': None, 'fit_weight': 'none'}","[('class_weight', None), ('fit_weight', 'none'), ('max_depth', None), ('max_features', 'sqrt'), ('min_samples_leaf', 2)]",0.6319714408333658,0.1511111111111111,0.04888888888888889
random_forest,2,"{'max_depth': None, 'min_samples_leaf': 2, 'max_features': 'sqrt', 'class_weight': None, 'fit_weight': 'none'}","[('class_weight', None), ('fit_weight', 'none'), ('max_depth', None), ('max_features', 'sqrt'), ('min_samples_leaf', 2)]",0.7171641791044776,0.15555555555555556,0.057777777777777775
random_forest,3,"{'max_depth': None, 'min_samples_leaf': 2, 'max_features': 'sqrt', 'class_weight': None, 'fit_weight': 'none'}","[('class_weight', None), ('fit_weight', 'none'), ('max_depth', None), ('max_features', 'sqrt'), ('min_samples_leaf', 2)]",0.6420102888800949,0.17333333333333334,0.06222222222222222
random_forest,4,"{'max_depth': None, 'min_samples_leaf': 2, 'max_features': 'sqrt', 'class_weight': None, 'fit_weight': 'none'}","[('class_weight', None), ('fit_weight', 'none'), ('max_depth', None), ('max_features', 'sqrt'), ('min_samples_leaf', 2)]",0.6236686939969358,0.18303571428571427,0.05803571428571429
random_forest,5,"{'max_depth': None, 'min_samples_leaf': 2, 'max_features': 'sqrt', 'class_weight': None, 'fit_weight': 'none'}","[('class_weight', None), ('fit_weight', 'none'), ('max_depth', None), ('max_features', 'sqrt'), ('min_samples_leaf', 2)]",0.6783725822174336,0.11607142857142858,0.03125
random_forest,1,"{'max_depth': None, 'min_samples_leaf': 2, 'max_features': 'sqrt', 'class_weight': 'balanced', 'fit_weight': 'none'}","[('class_weight', 'balanced'), ('fit_weight', 'none'), ('max_depth', None), ('max_features', 'sqrt'), ('min_samples_leaf', 2)]",0.6290663491236558,0.1688888888888889,0.06222222222222222
random_forest,2,"{'max_depth': None, 'min_samples_leaf': 2, 'max_features': 'sqrt', 'class_weight': 'balanced', 'fit_weight': 'none'}","[('class_weight', 'balanced'), ('fit_weight', 'none'), ('max_depth', None), ('max_features', 'sqrt'), ('min_samples_leaf', 2)]",0.660222858962114,0.20444444444444446,0.08
random_forest,3,"{'max_depth': None, 'min_samples_leaf': 2, 'max_features': 'sqrt', 'class_weight': 'balanced', 'fit_weight': 'none'}","[('class_weight', 'balanced'), ('fit_weight', 'none'), ('max_depth', None), ('max_features', 'sqrt'), ('min_samples_leaf', 2)]",0.5518301729569336,0.2,0.06666666666666667
random_forest,4,"{'max_depth': None, 'min_samples_leaf': 2, 'max_features': 'sqrt', 'class_weight': 'balanced', 'fit_weight': 'none'}","[('class_weight', 'balanced'), ('fit_weight', 'none'), ('max_depth', None), ('max_features', 'sqrt'), ('min_samples_leaf', 2)]",0.6588164917274506,0.15625,0.049107142857142856
random_forest,5,"{'max_depth': None, 'min_samples_leaf': 2, 'max_features': 'sqrt', 'class_weight': 'balanced', 'fit_weight': 'none'}","[('class_weight', 'balanced'), ('fit_weight', 'none'), ('max_depth', None), ('max_features', 'sqrt'), ('min_samples_leaf', 2)]",0.7173326387079968,0.09821428571428571,0.026785714285714284
random_forest,1,"{'max_depth': None, 'min_samples_leaf': 3, 'max_features': 'sqrt', 'class_weight': None, 'fit_weight': 'none'}","[('class_weight', None), ('fit_weight', 'none'), ('max_depth', None), ('max_features', 'sqrt'), ('min_samples_leaf', 3)]",0.5647031359427281,0.18222222222222223,0.06222222222222222
random_forest,2,"{'max_depth': None, 'min_samples_leaf': 3, 'max_features': 'sqrt', 'class_weight': None, 'fit_weight': 'none'}","[('class_weight', None), ('fit_weight', 'none'), ('max_depth', None), ('max_features', 'sqrt'), ('min_samples_leaf', 3)]",0.6484091650358773,0.21333333333333335,0.08
random_forest,3,"{'max_depth': None, 'min_samples_leaf': 3, 'max_features': 'sqrt', 'class_weight': None, 'fit_weight': 'none'}","[('class_weight', None), ('fit_weight', 'none'), ('max_depth', None), ('max_features', 'sqrt'), ('min_samples_leaf', 3)]",0.6065365113586457,0.2,0.07111111111111111
random_forest,4,"{'max_depth': None, 'min_samples_leaf': 3, 'max_features': 'sqrt', 'class_weight': None, 'fit_weight': 'none'}","[('class_weight', None), ('fit_weight', 'none'), ('max_depth', None), ('max_features', 'sqrt'), ('min_samples_leaf', 3)]",0.6158508158508158,0.20089285714285715,0.06696428571428571
random_forest,5,"{'max_depth': None, 'min_samples_leaf': 3, 'max_features': 'sqrt', 'class_weight': None, 'fit_weight': 'none'}","[('class_weight', None), ('fit_weight', 'none'), ('max_depth', None), ('max_features', 'sqrt'), ('min_samples_leaf', 3)]",0.6108922803300769,0.14732142857142858,0.044642857142857144
random_forest,1,"{'max_depth': None, 'min_samples_leaf': 3, 'max_features': 'sqrt', 'class_weight': 'balanced', 'fit_weight': 'none'}","[('class_weight', 'balanced'), ('fit_weight', 'none'), ('max_depth', None), ('max_features', 'sqrt'), ('min_samples_leaf', 3)]",0.6114928082670018,0.22666666666666666,0.08888888888888889
random_forest,2,"{'max_depth': None, 'min_samples_leaf': 3, 'max_features': 'sqrt', 'class_weight': 'balanced', 'fit_weight': 'none'}","[('class_weight', 'balanced'), ('fit_weight', 'none'), ('max_depth', None), ('max_features', 'sqrt'), ('min_samples_leaf', 3)]",0.6268279524093476,0.26666666666666666,0.10666666666666667
random_forest,3,"{'max_depth': None, 'min_samples_leaf': 3, 'max_features': 'sqrt', 'class_weight': 'balanced', 'fit_weight': 'none'}","[('class_weight', 'balanced'), ('fit_weight', 'none'), ('max_depth', None), ('max_features', 'sqrt'), ('min_samples_leaf', 3)]",0.5217038809144072,0.2577777777777778,0.09333333333333334
random_forest,4,"{'max_depth': None, 'min_samples_leaf': 3, 'max_features': 'sqrt', 'class_weight': 'balanced', 'fit_weight': 'none'}","[('class_weight', 'balanced'), ('fit_weight', 'none'), ('max_depth', None), ('max_features', 'sqrt'), ('min_samples_leaf', 3)]",0.5674296205630356,0.23214285714285715,0.08035714285714286
random_forest,5,"{'max_depth': None, 'min_samples_leaf': 3, 'max_features': 'sqrt', 'class_weight': 'balanced', 'fit_weight': 'none'}","[('class_weight', 'balanced'), ('fit_weight', 'none'), ('max_depth', None), ('max_features', 'sqrt'), ('min_samples_leaf', 3)]",0.6600510642600738,0.13839285714285715,0.04017857142857143
random_forest,1,"{'max_depth': 12, 'min_samples_leaf': 1, 'max_features': 'sqrt', 'class_weight': None, 'fit_weight': 'none'}","[('class_weight', None), ('fit_weight', 'none'), ('max_depth', 12), ('max_features', 'sqrt'), ('min_samples_leaf', 1)]",0.47039158025073513,0.2,0.06222222222222222
random_forest,2,"{'max_depth': 12, 'min_samples_leaf': 1, 'max_features': 'sqrt', 'class_weight': None, 'fit_weight': 'none'}","[('class_weight', None), ('fit_weight', 'none'), ('max_depth', 12), ('max_features', 'sqrt'), ('min_samples_leaf', 1)]",0.5510336239103363,0.23555555555555555,0.08
random_forest,3,"{'max_depth': 12, 'min_samples_leaf': 1, 'max_features': 'sqrt', 'class_weight': None, 'fit_weight': 'none'}","[('class_weight', None), ('fit_weight', 'none'), ('max_depth', 12), ('max_features', 'sqrt'), ('min_samples_leaf', 1)]",0.5204395604395604,0.22666666666666666,0.07555555555555556
random_forest,4,"{'max_depth': 12, 'min_samples_leaf': 1, 'max_features': 'sqrt', 'class_weight': None, 'fit_weight': 'none'}","[('class_weight', None), ('fit_weight', 'none'), ('max_depth', 12), ('max_features', 'sqrt'), ('min_samples_leaf', 1)]",0.5621453173691979,0.20982142857142858,0.06696428571428571
random_forest,5,"{'max_depth': 12, 'min_samples_leaf': 1, 'max_features': 'sqrt', 'class_weight': None, 'fit_weight': 'none'}","[('class_weight', None), ('fit_weight', 'none'), ('max_depth', 12), ('max_features', 'sqrt'), ('min_samples_leaf', 1)]",0.5805323429278861,0.16517857142857142,0.044642857142857144
random_forest,1,"{'max_depth': 12, 'min_samples_leaf': 1, 'max_features': 'sqrt', 'class_weight': 'balanced', 'fit_weight': 'none'}","[('class_weight', 'balanced'), ('fit_weight', 'none'), ('max_depth', 12), ('max_features', 'sqrt'), ('min_samples_leaf', 1)]",0.6806896264523383,0.1288888888888889,0.044444444444444446
random_forest,2,"{'max_depth': 12, 'min_samples_leaf': 1, 'max_features': 'sqrt', 'class_weight': 'balanced', 'fit_weight': 'none'}","[('class_weight', 'balanced'), ('fit_weight', 'none'), ('max_depth', 12), ('max_features', 'sqrt'), ('min_samples_leaf', 1)]",0.711651728553137,0.14666666666666667,0.05333333333333334
random_forest,3,"{'max_depth': 12, 'min_samples_leaf': 1, 'max_features': 'sqrt', 'class_weight': 'balanced', 'fit_weight': 'none'}","[('class_weight', 'balanced'), ('fit_weight', 'none'), ('max_depth', 12), ('max_features', 'sqrt'), ('min_samples_leaf', 1)]",0.6707634571473786,0.1288888888888889,0.04888888888888889
random_forest,4,"{'max_depth': 12, 'min_samples_leaf': 1, 'max_features': 'sqrt', 'class_weight': 'balanced', 'fit_weight': 'none'}","[('class_weight', 'balanced'), ('fit_weight', 'none'), ('max_depth', 12), ('max_features', 'sqrt'), ('min_samples_leaf', 1)]",0.701537642990157,0.14732142857142858,0.049107142857142856
random_forest,5,"{'max_depth': 12, 'min_samples_leaf': 1, 'max_features': 'sqrt', 'class_weight': 'balanced', 'fit_weight': 'none'}","[('class_weight', 'balanced'), ('fit_weight', 'none'), ('max_depth', 12), ('max_features', 'sqrt'), ('min_samples_leaf', 1)]",0.7031688311688312,0.09821428571428571,0.026785714285714284
random_forest,1,"{'max_depth': 12, 'min_samples_leaf': 2, 'max_features': 'sqrt', 'class_weight': None, 'fit_weight': 'none'}","[('class_weight', None), ('fit_weight', 'none'), ('max_depth', 12), ('max_features', 'sqrt'), ('min_samples_leaf', 2)]",0.3662138953942232,0.2222222222222222,0.07111111111111111
random_forest,2,"{'max_depth': 12, 'min_samples_leaf': 2, 'max_features': 'sqrt', 'class_weight': None, 'fit_weight': 'none'}","[('class_weight', None), ('fit_weight', 'none'), ('max_depth', 12), ('max_features', 'sqrt'), ('min_samples_leaf', 2)]",0.4749491869918699,0.28,0.09777777777777778
random_forest,3,"{'max_depth': 12, 'min_samples_leaf': 2, 'max_features': 'sqrt', 'class_weight': None, 'fit_weight': 'none'}","[('class_weight', None), ('fit_weight', 'none'), ('max_depth', 12), ('max_features', 'sqrt'), ('min_samples_leaf', 2)]",0.5126840244294438,0.24444444444444444,0.08444444444444445
random_forest,4,"{'max_depth': 12, 'min_samples_leaf': 2, 'max_features': 'sqrt', 'class_weight': None, 'fit_weight': 'none'}","[('class_weight', None), ('fit_weight', 'none'), ('max_depth', 12), ('max_features', 'sqrt'), ('min_samples_leaf', 2)]",0.45716290975146556,0.24553571428571427,0.08035714285714286
random_forest,5,"{'max_depth': 12, 'min_samples_leaf': 2, 'max_features': 'sqrt', 'class_weight': None, 'fit_weight': 'none'}","[('class_weight', None), ('fit_weight', 'none'), ('max_depth', 12), ('max_features', 'sqrt'), ('min_samples_leaf', 2)]",0.47597074157653096,0.20089285714285715,0.05803571428571429
random_forest,1,"{'max_depth': 12, 'min_samples_leaf': 2, 'max_features': 'sqrt', 'class_weight': 'balanced', 'fit_weight': 'none'}","[('class_weight', 'balanced'), ('fit_weight', 'none'), ('max_depth', 12), ('max_features', 'sqrt'), ('min_samples_leaf', 2)]",0.6139495324657024,0.21777777777777776,0.08444444444444445
random_forest,2,"{'max_depth': 12, 'min_samples_leaf': 2, 'max_features': 'sqrt', 'class_weight': 'balanced', 'fit_weight': 'none'}","[('class_weight', 'balanced'), ('fit_weight', 'none'), ('max_depth', 12), ('max_features', 'sqrt'), ('min_samples_leaf', 2)]",0.6413825334043748,0.2311111111111111,0.09333333333333334
random_forest,3,"{'max_depth': 12, 'min_samples_leaf': 2, 'max_features': 'sqrt', 'class_weight': 'balanced', 'fit_weight': 'none'}","[('class_weight', 'balanced'), ('fit_weight', 'none'), ('max_depth', 12), ('max_features', 'sqrt'), ('min_samples_leaf', 2)]",0.522324480031247,0.25333333333333335,0.09333333333333334
random_forest,4,"{'max_depth': 12, 'min_samples_leaf': 2, 'max_features': 'sqrt', 'class_weight': 'balanced', 'fit_weight': 'none'}","[('class_weight', 'balanced'), ('fit_weight', 'none'), ('max_depth', 12), ('max_features', 'sqrt'), ('min_samples_leaf', 2)]",0.6183777050362599,0.20982142857142858,0.07142857142857142
random_forest,5,"{'max_depth': 12, 'min_samples_leaf': 2, 'max_features': 'sqrt', 'class_weight': 'balanced', 'fit_weight': 'none'}","[('class_weight', 'balanced'), ('fit_weight', 'none'), ('max_depth', 12), ('max_features', 'sqrt'), ('min_samples_leaf', 2)]",0.7187681674713375,0.09821428571428571,0.03125
random_forest,1,"{'max_depth': 12, 'min_samples_leaf': 3, 'max_features': 'sqrt', 'class_weight': None, 'fit_weight': 'none'}","[('class_weight', None), ('fit_weight', 'none'), ('max_depth', 12), ('max_features', 'sqrt'), ('min_samples_leaf', 3)]",0.3624689017888876,0.2311111111111111,0.07555555555555556
random_forest,2,"{'max_depth': 12, 'min_samples_leaf': 3, 'max_features': 'sqrt', 'class_weight': None, 'fit_weight': 'none'}","[('class_weight', None), ('fit_weight', 'none'), ('max_depth', 12), ('max_features', 'sqrt'), ('min_samples_leaf', 3)]",0.4028877005347593,0.3288888888888889,0.12
random_forest,3,"{'max_depth': 12, 'min_samples_leaf': 3, 'max_features': 'sqrt', 'class_weight': None, 'fit_weight': 'none'}","[('class_weight', None), ('fit_weight', 'none'), ('max_depth', 12), ('max_features', 'sqrt'), ('min_samples_leaf', 3)]",0.34764389434939125,0.28,0.09777777777777778
random_forest,4,"{'max_depth': 12, 'min_samples_leaf': 3, 'max_features': 'sqrt', 'class_weight': None, 'fit_weight': 'none'}","[('class_weight', None), ('fit_weight', 'none'), ('max_depth', 12), ('max_features', 'sqrt'), ('min_samples_leaf', 3)]",0.35665349143610015,0.25892857142857145,0.08482142857142858
random_forest,5,"{'max_depth': 12, 'min_samples_leaf': 3, 'max_features': 'sqrt', 'class_weight': None, 'fit_weight': 'none'}","[('class_weight', None), ('fit_weight', 'none'), ('max_depth', 12), ('max_features', 'sqrt'), ('min_samples_leaf', 3)]",0.46496373892022563,0.22767857142857142,0.07142857142857142
random_forest,1,"{'max_depth': 12, 'min_samples_leaf': 3, 'max_features': 'sqrt', 'class_weight': 'balanced', 'fit_weight': 'none'}","[('class_weight', 'balanced'), ('fit_weight', 'none'), ('max_depth', 12), ('max_features', 'sqrt'), ('min_samples_leaf', 3)]",0.5739888618169161,0.26666666666666666,0.10222222222222223
random_forest,2,"{'max_depth': 12, 'min_samples_leaf': 3, 'max_features': 'sqrt', 'class_weight': 'balanced', 'fit_weight': 'none'}","[('class_weight', 'balanced'), ('fit_weight', 'none'), ('max_depth', 12), ('max_features', 'sqrt'), ('min_samples_leaf', 3)]",0.6151000075193623,0.26222222222222225,0.10666666666666667
random_forest,3,"{'max_depth': 12, 'min_samples_leaf': 3, 'max_features': 'sqrt', 'class_weight': 'balanced', 'fit_weight': 'none'}","[('class_weight', 'balanced'), ('fit_weight', 'none'), ('max_depth', 12), ('max_features', 'sqrt'), ('min_samples_leaf', 3)]",0.511060606060606,0.3022222222222222,0.1111111111111111
random_forest,4,"{'max_depth': 12, 'min_samples_leaf': 3, 'max_features': 'sqrt', 'class_weight': 'balanced', 'fit_weight': 'none'}","[('class_weight', 'balanced'), ('fit_weight', 'none'), ('max_depth', 12), ('max_features', 'sqrt'), ('min_samples_leaf', 3)]",0.5338786849822503,0.30357142857142855,0.10714285714285714
random_forest,5,"{'max_depth': 12, 'min_samples_leaf': 3, 'max_features': 'sqrt', 'class_weight': 'balanced', 'fit_weight': 'none'}","[('class_weight', 'balanced'), ('fit_weight', 'none'), ('max_depth', 12), ('max_features', 'sqrt'), ('min_samples_leaf', 3)]",0.6564051594663839,0.16517857142857142,0.049107142857142856
random_forest,1,"{'max_depth': None, 'min_samples_leaf': 1, 'max_features': 'sqrt', 'class_weight': None, 'fit_weight': 'balanced'}","[('class_weight', None), ('fit_weight', 'balanced'), ('max_depth', None), ('max_features', 'sqrt'), ('min_samples_leaf', 1)]",0.697170868347339,0.1111111111111111,0.035555555555555556
random_forest,2,"{'max_depth': None, 'min_samples_leaf': 1, 'max_features': 'sqrt', 'class_weight': None, 'fit_weight': 'balanced'}","[('class_weight', None), ('fit_weight', 'balanced'), ('max_depth', None), ('max_features', 'sqrt'), ('min_samples_leaf', 1)]",0.7324165216015193,0.12,0.04
random_forest,3,"{'max_depth': None, 'min_samples_leaf': 1, 'max_features': 'sqrt', 'class_weight': None, 'fit_weight': 'balanced'}","[('class_weight', None), ('fit_weight', 'balanced'), ('max_depth', None), ('max_features', 'sqrt'), ('min_samples_leaf', 1)]",0.6717458868174863,0.14666666666666667,0.05333333333333334
random_forest,4,"{'max_depth': None, 'min_samples_leaf': 1, 'max_features': 'sqrt', 'class_weight': None, 'fit_weight': 'balanced'}","[('class_weight', None), ('fit_weight', 'balanced'), ('max_depth', None), ('max_features', 'sqrt'), ('min_samples_leaf', 1)]",0.6687863111818544,0.14732142857142858,0.049107142857142856
random_forest,5,"{'max_depth': None, 'min_samples_leaf': 1, 'max_features': 'sqrt', 'class_weight': None, 'fit_weight': 'balanced'}","[('class_weight', None), ('fit_weight', 'balanced'), ('max_depth', None), ('max_features', 'sqrt'), ('min_samples_leaf', 1)]",0.7236336996336996,0.08035714285714286,0.017857142857142856
random_forest,1,"{'max_depth': None, 'min_samples_leaf': 3, 'max_features': 'sqrt', 'class_weight': None, 'fit_weight': 'balanced'}","[('class_weight', None), ('fit_weight', 'balanced'), ('max_depth', None), ('max_features', 'sqrt'), ('min_samples_leaf', 3)]",0.6114928082670018,0.22666666666666666,0.08888888888888889
random_forest,2,"{'max_depth': None, 'min_samples_leaf': 3, 'max_features': 'sqrt', 'class_weight': None, 'fit_weight': 'balanced'}","[('class_weight', None), ('fit_weight', 'balanced'), ('max_depth', None), ('max_features', 'sqrt'), ('min_samples_leaf', 3)]",0.6268279524093476,0.26666666666666666,0.10666666666666667
random_forest,3,"{'max_depth': None, 'min_samples_leaf': 3, 'max_features': 'sqrt', 'class_weight': None, 'fit_weight': 'balanced'}","[('class_weight', None), ('fit_weight', 'balanced'), ('max_depth', None), ('max_features', 'sqrt'), ('min_samples_leaf', 3)]",0.5217038809144072,0.2577777777777778,0.09333333333333334
random_forest,4,"{'max_depth': None, 'min_samples_leaf': 3, 'max_features': 'sqrt', 'class_weight': None, 'fit_weight': 'balanced'}","[('class_weight', None), ('fit_weight', 'balanced'), ('max_depth', None), ('max_features', 'sqrt'), ('min_samples_leaf', 3)]",0.5674296205630356,0.23214285714285715,0.08035714285714286
random_forest,5,"{'max_depth': None, 'min_samples_leaf': 3, 'max_features': 'sqrt', 'class_weight': None, 'fit_weight': 'balanced'}","[('class_weight', None), ('fit_weight', 'balanced'), ('max_depth', None), ('max_features', 'sqrt'), ('min_samples_leaf', 3)]",0.6600510642600738,0.13839285714285715,0.04017857142857143
extra_trees,1,"{'max_depth': None, 'min_samples_leaf': 1, 'max_features': 'sqrt', 'class_weight': None, 'fit_weight': 'none'}","[('class_weight', None), ('fit_weight', 'none'), ('max_depth', None), ('max_features', 'sqrt'), ('min_samples_leaf', 1)]",0.7046694151778897,0.08888888888888889,0.022222222222222223
extra_trees,2,"{'max_depth': None, 'min_samples_leaf': 1, 'max_features': 'sqrt', 'class_weight': None, 'fit_weight': 'none'}","[('class_weight', None), ('fit_weight', 'none'), ('max_depth', None), ('max_features', 'sqrt'), ('min_samples_leaf', 1)]",0.7360093896713614,0.1111111111111111,0.035555555555555556
extra_trees,3,"{'max_depth': None, 'min_samples_leaf': 1, 'max_features': 'sqrt', 'class_weight': None, 'fit_weight': 'none'}","[('class_weight', None), ('fit_weight', 'none'), ('max_depth', None), ('max_features', 'sqrt'), ('min_samples_leaf', 1)]",0.6758456274603584,0.12,0.044444444444444446
extra_trees,4,"{'max_depth': None, 'min_samples_leaf': 1, 'max_features': 'sqrt', 'class_weight': None, 'fit_weight': 'none'}","[('class_weight', None), ('fit_weight', 'none'), ('max_depth', None), ('max_features', 'sqrt'), ('min_samples_leaf', 1)]",0.6466007717226663,0.12053571428571429,0.03125
extra_trees,5,"{'max_depth': None, 'min_samples_leaf': 1, 'max_features': 'sqrt', 'class_weight': None, 'fit_weight': 'none'}","[('class_weight', None), ('fit_weight', 'none'), ('max_depth', None), ('max_features', 'sqrt'), ('min_samples_leaf', 1)]",0.7235247208931419,0.07589285714285714,0.017857142857142856
extra_trees,1,"{'max_depth': None, 'min_samples_leaf': 1, 'max_features': 'sqrt', 'class_weight': 'balanced', 'fit_weight': 'none'}","[('class_weight', 'balanced'), ('fit_weight', 'none'), ('max_depth', None), ('max_features', 'sqrt'), ('min_samples_leaf', 1)]",0.704118766653978,0.09333333333333334,0.02666666666666667
extra_trees,2,"{'max_depth': None, 'min_samples_leaf': 1, 'max_features': 'sqrt', 'class_weight': 'balanced', 'fit_weight': 'none'}","[('class_weight', 'balanced'), ('fit_weight', 'none'), ('max_depth', None), ('max_features', 'sqrt'), ('min_samples_leaf', 1)]",0.7281140422742913,0.1288888888888889,0.044444444444444446
extra_trees,3,"{'max_depth': None, 'min_samples_leaf': 1, 'max_features': 'sqrt', 'class_weight': 'balanced', 'fit_weight': 'none'}","[('class_weight', 'balanced'), ('fit_weight', 'none'), ('max_depth', None), ('max_features', 'sqrt'), ('min_samples_leaf', 1)]",0.6754110941820439,0.13777777777777778,0.04888888888888889
extra_trees,4,"{'max_depth': None, 'min_samples_leaf': 1, 'max_features': 'sqrt', 'class_weight': 'balanced', 'fit_weight': 'none'}","[('class_weight', 'balanced'), ('fit_weight', 'none'), ('max_depth', None), ('max_features', 'sqrt'), ('min_samples_leaf', 1)]",0.6460533061381991,0.125,0.03571428571428571
extra_trees,5,"{'max_depth': None, 'min_samples_leaf': 1, 'max_features': 'sqrt', 'class_weight': 'balanced', 'fit_weight': 'none'}","[('class_weight', 'balanced'), ('fit_weight', 'none'), ('max_depth', None), ('max_features', 'sqrt'), ('min_samples_leaf', 1)]",0.7236336996336996,0.08035714285714286,0.017857142857142856
extra_trees,1,"{'max_depth': None, 'min_samples_leaf': 2, 'max_features': 'sqrt', 'class_weight': None, 'fit_weight': 'none'}","[('class_weight', None), ('fit_weight', 'none'), ('max_depth', None), ('max_features', 'sqrt'), ('min_samples_leaf', 2)]",0.5679479189190335,0.14666666666666667,0.044444444444444446
extra_trees,2,"{'max_depth': None, 'min_samples_leaf': 2, 'max_features': 'sqrt', 'class_weight': None, 'fit_weight': 'none'}","[('class_weight', None), ('fit_weight', 'none'), ('max_depth', None), ('max_features', 'sqrt'), ('min_samples_leaf', 2)]",0.7324165216015193,0.12,0.04
extra_trees,3,"{'max_depth': None, 'min_samples_leaf': 2, 'max_features': 'sqrt', 'class_weight': None, 'fit_weight': 'none'}","[('class_weight', None), ('fit_weight', 'none'), ('max_depth', None), ('max_features', 'sqrt'), ('min_samples_leaf', 2)]",0.6530006887579398,0.14666666666666667,0.04888888888888889
extra_trees,4,"{'max_depth': None, 'min_samples_leaf': 2, 'max_features': 'sqrt', 'class_weight': None, 'fit_weight': 'none'}","[('class_weight', None), ('fit_weight', 'none'), ('max_depth', None), ('max_features', 'sqrt'), ('min_samples_leaf', 2)]",0.6331279178338002,0.16071428571428573,0.05357142857142857
extra_trees,5,"{'max_depth': None, 'min_samples_leaf': 2, 'max_features': 'sqrt', 'class_weight': None, 'fit_weight': 'none'}","[('class_weight', None), ('fit_weight', 'none'), ('max_depth', None), ('max_features', 'sqrt'), ('min_samples_leaf', 2)]",0.7255675165250236,0.08482142857142858,0.017857142857142856
extra_trees,1,"{'max_depth': None, 'min_samples_leaf': 2, 'max_features': 'sqrt', 'class_weight': 'balanced', 'fit_weight': 'none'}","[('class_weight', 'balanced'), ('fit_weight', 'none'), ('max_depth', None), ('max_features', 'sqrt'), ('min_samples_leaf', 2)]",0.6817704712441555,0.12444444444444444,0.04
extra_trees,2,"{'max_depth': None, 'min_samples_leaf': 2, 'max_features': 'sqrt', 'class_weight': 'balanced', 'fit_weight': 'none'}","[('class_weight', 'balanced'), ('fit_weight', 'none'), ('max_depth', None), ('max_features', 'sqrt'), ('min_samples_leaf', 2)]",0.6908661338159151,0.19111111111111112,0.07111111111111111
extra_trees,3,"{'max_depth': None, 'min_samples_leaf': 2, 'max_features': 'sqrt', 'class_weight': 'balanced', 'fit_weight': 'none'}","[('class_weight', 'balanced'), ('fit_weight', 'none'), ('max_depth', None), ('max_features', 'sqrt'), ('min_samples_leaf', 2)]",0.6238361990122554,0.14666666666666667,0.044444444444444446
extra_trees,4,"{'max_depth': None, 'min_samples_leaf': 2, 'max_features': 'sqrt', 'class_weight': 'balanced', 'fit_weight': 'none'}","[('class_weight', 'balanced'), ('fit_weight', 'none'), ('max_depth', None), ('max_features', 'sqrt'), ('min_samples_leaf', 2)]",0.6399138943248532,0.15625,0.049107142857142856
extra_trees,5,"{'max_depth': None, 'min_samples_leaf': 2, 'max_features': 'sqrt', 'class_weight': 'balanced', 'fit_weight': 'none'}","[('class_weight', 'balanced'), ('fit_weight', 'none'), ('max_depth', None), ('max_features', 'sqrt'), ('min_samples_leaf', 2)]",0.706462365865171,0.08928571428571429,0.022321428571428572
extra_trees,1,"{'max_depth': None, 'min_samples_leaf': 3, 'max_features': 'sqrt', 'class_weight': None, 'fit_weight': 'none'}","[('class_weight', None), ('fit_weight', 'none'), ('max_depth', None), ('max_features', 'sqrt'), ('min_samples_leaf', 3)]",0.5647031359427281,0.18222222222222223,0.06222222222222222
extra_trees,2,"{'max_depth': None, 'min_samples_leaf': 3, 'max_features': 'sqrt', 'class_weight': None, 'fit_weight': 'none'}","[('class_weight', None), ('fit_weight', 'none'), ('max_depth', None), ('max_features', 'sqrt'), ('min_samples_leaf', 3)]",0.6880664347435753,0.1688888888888889,0.06222222222222222
extra_trees,3,"{'max_depth': None, 'min_samples_leaf': 3, 'max_features': 'sqrt', 'class_weight': None, 'fit_weight': 'none'}","[('class_weight', None), ('fit_weight', 'none'), ('max_depth', None), ('max_features', 'sqrt'), ('min_samples_leaf', 3)]",0.6420102888800949,0.17333333333333334,0.06222222222222222
extra_trees,4,"{'max_depth': None, 'min_samples_leaf': 3, 'max_features': 'sqrt', 'class_weight': None, 'fit_weight': 'none'}","[('class_weight', None), ('fit_weight', 'none'), ('max_depth', None), ('max_features', 'sqrt'), ('min_samples_leaf', 3)]",0.5935955831608005,0.16964285714285715,0.05357142857142857
extra_trees,5,"{'max_depth': None, 'min_samples_leaf': 3, 'max_features': 'sqrt', 'class_weight': None, 'fit_weight': 'none'}","[('class_weight', None), ('fit_weight', 'none'), ('max_depth', None), ('max_features', 'sqrt'), ('min_samples_leaf', 3)]",0.6817307448293365,0.10714285714285714,0.026785714285714284
extra_trees,1,"{'max_depth': None, 'min_samples_leaf': 3, 'max_features': 'sqrt', 'class_weight': 'balanced', 'fit_weight': 'none'}","[('class_weight', 'balanced'), ('fit_weight', 'none'), ('max_depth', None), ('max_features', 'sqrt'), ('min_samples_leaf', 3)]",0.6268856023899252,0.17333333333333334,0.06222222222222222
extra_trees,2,"{'max_depth': None, 'min_samples_leaf': 3, 'max_features': 'sqrt', 'class_weight': 'balanced', 'fit_weight': 'none'}","[('class_weight', 'balanced'), ('fit_weight', 'none'), ('max_depth', None), ('max_features', 'sqrt'), ('min_samples_leaf', 3)]",0.6402130943991409,0.2222222222222222,0.08
extra_trees,3,"{'max_depth': None, 'min_samples_leaf': 3, 'max_features': 'sqrt', 'class_weight': 'balanced', 'fit_weight': 'none'}","[('class_weight', 'balanced'), ('fit_weight', 'none'), ('max_depth', None), ('max_features', 'sqrt'), ('min_samples_leaf', 3)]",0.5504217687074829,0.22666666666666666,0.07555555555555556
extra_trees,4,"{'max_depth': None, 'min_samples_leaf': 3, 'max_features': 'sqrt', 'class_weight': 'balanced', 'fit_weight': 'none'}","[('class_weight', 'balanced'), ('fit_weight', 'none'), ('max_depth', None), ('max_features', 'sqrt'), ('min_samples_leaf', 3)]",0.5642884668318194,0.21428571428571427,0.06696428571428571
extra_trees,5,"{'max_depth': None, 'min_samples_leaf': 3, 'max_features': 'sqrt', 'class_weight': 'balanced', 'fit_weight': 'none'}","[('class_weight', 'balanced'), ('fit_weight', 'none'), ('max_depth', None), ('max_features', 'sqrt'), ('min_samples_leaf', 3)]",0.6796089427813566,0.13392857142857142,0.03571428571428571
extra_trees,1,"{'max_depth': 12, 'min_samples_leaf': 1, 'max_features': 'sqrt', 'class_weight': None, 'fit_weight': 'none'}","[('class_weight', None), ('fit_weight', 'none'), ('max_depth', 12), ('max_features', 'sqrt'), ('min_samples_leaf', 1)]",0.4667318982387475,0.2088888888888889,0.06666666666666667
extra_trees,2,"{'max_depth': 12, 'min_samples_leaf': 1, 'max_features': 'sqrt', 'class_weight': None, 'fit_weight': 'none'}","[('class_weight', None), ('fit_weight', 'none'), ('max_depth', 12), ('max_features', 'sqrt'), ('min_samples_leaf', 1)]",0.4211148648648648,0.29333333333333333,0.10222222222222223
extra_trees,3,"{'max_depth': 12, 'min_samples_leaf': 1, 'max_features': 'sqrt', 'class_weight': None, 'fit_weight': 'none'}","[('class_weight', None), ('fit_weight', 'none'), ('max_depth', 12), ('max_features', 'sqrt'), ('min_samples_leaf', 1)]",0.5241795677647151,0.21777777777777776,0.07111111111111111
extra_trees,4,"{'max_depth': 12, 'min_samples_leaf': 1, 'max_features': 'sqrt', 'class_weight': None, 'fit_weight': 'none'}","[('class_weight', None), ('fit_weight', 'none'), ('max_depth', 12), ('max_features', 'sqrt'), ('min_samples_leaf', 1)]",0.5216274790431404,0.22321428571428573,0.07142857142857142
extra_trees,5,"{'max_depth': 12, 'min_samples_leaf': 1, 'max_features': 'sqrt', 'class_weight': None, 'fit_weight': 'none'}","[('class_weight', None), ('fit_weight', 'none'), ('max_depth', 12), ('max_features', 'sqrt'), ('min_samples_leaf', 1)]",0.5379448239020108,0.16964285714285715,0.044642857142857144
extra_trees,1,"{'max_depth': 12, 'min_samples_leaf': 1, 'max_features': 'sqrt', 'class_weight': 'balanced', 'fit_weight': 'none'}","[('class_weight', 'balanced'), ('fit_weight', 'none'), ('max_depth', 12), ('max_features', 'sqrt'), ('min_samples_leaf', 1)]",0.6705418754993826,0.12444444444444444,0.035555555555555556
extra_trees,2,"{'max_depth': 12, 'min_samples_leaf': 1, 'max_features': 'sqrt', 'class_weight': 'balanced', 'fit_weight': 'none'}","[('class_weight', 'balanced'), ('fit_weight', 'none'), ('max_depth', 12), ('max_features', 'sqrt'), ('min_samples_leaf', 1)]",0.6734245472837023,0.17333333333333334,0.057777777777777775
extra_trees,3,"{'max_depth': 12, 'min_samples_leaf': 1, 'max_features': 'sqrt', 'class_weight': 'balanced', 'fit_weight': 'none'}","[('class_weight', 'balanced'), ('fit_weight', 'none'), ('max_depth', 12), ('max_features', 'sqrt'), ('min_samples_leaf', 1)]",0.6528682263069945,0.14666666666666667,0.05333333333333334
extra_trees,4,"{'max_depth': 12, 'min_samples_leaf': 1, 'max_features': 'sqrt', 'class_weight': 'balanced', 'fit_weight': 'none'}","[('class_weight', 'balanced'), ('fit_weight', 'none'), ('max_depth', 12), ('max_features', 'sqrt'), ('min_samples_leaf', 1)]",0.5876047270482406,0.21428571428571427,0.06696428571428571
extra_trees,5,"{'max_depth': 12, 'min_samples_leaf': 1, 'max_features': 'sqrt', 'class_weight': 'balanced', 'fit_weight': 'none'}","[('class_weight', 'balanced'), ('fit_weight', 'none'), ('max_depth', 12), ('max_features', 'sqrt'), ('min_samples_leaf', 1)]",0.6796089427813566,0.13392857142857142,0.03571428571428571
extra_trees,1,"{'max_depth': 12, 'min_samples_leaf': 2, 'max_features': 'sqrt', 'class_weight': None, 'fit_weight': 'none'}","[('class_weight', None), ('fit_weight', 'none'), ('max_depth', 12), ('max_features', 'sqrt'), ('min_samples_leaf', 2)]",0.36314103800887515,0.2311111111111111,0.07555555555555556
extra_trees,2,"{'max_depth': 12, 'min_samples_leaf': 2, 'max_features': 'sqrt', 'class_weight': None, 'fit_weight': 'none'}","[('class_weight', None), ('fit_weight', 'none'), ('max_depth', 12), ('max_features', 'sqrt'), ('min_samples_leaf', 2)]",0.4211148648648648,0.29333333333333333,0.10222222222222223
extra_trees,3,"{'max_depth': 12, 'min_samples_leaf': 2, 'max_features': 'sqrt', 'class_weight': None, 'fit_weight': 'none'}","[('class_weight', None), ('fit_weight', 'none'), ('max_depth', 12), ('max_features', 'sqrt'), ('min_samples_leaf', 2)]",0.45217182240743703,0.2577777777777778,0.08888888888888889
extra_trees,4,"{'max_depth': 12, 'min_samples_leaf': 2, 'max_features': 'sqrt', 'class_weight': None, 'fit_weight': 'none'}","[('class_weight', None), ('fit_weight', 'none'), ('max_depth', 12), ('max_features', 'sqrt'), ('min_samples_leaf', 2)]",0.45716290975146556,0.24553571428571427,0.08035714285714286
extra_trees,5,"{'max_depth': 12, 'min_samples_leaf': 2, 'max_features': 'sqrt', 'class_weight': None, 'fit_weight': 'none'}","[('class_weight', None), ('fit_weight', 'none'), ('max_depth', 12), ('max_features', 'sqrt'), ('min_samples_leaf', 2)]",0.47033693875962956,0.20089285714285715,0.05803571428571429
extra_trees,1,"{'max_depth': 12, 'min_samples_leaf': 2, 'max_features': 'sqrt', 'class_weight': 'balanced', 'fit_weight': 'none'}","[('class_weight', 'balanced'), ('fit_weight', 'none'), ('max_depth', 12), ('max_features', 'sqrt'), ('min_samples_leaf', 2)]",0.6207214750567351,0.18666666666666668,0.06222222222222222
extra_trees,2,"{'max_depth': 12, 'min_samples_leaf': 2, 'max_features': 'sqrt', 'class_weight': 'balanced', 'fit_weight': 'none'}","[('class_weight', 'balanced'), ('fit_weight', 'none'), ('max_depth', 12), ('max_features', 'sqrt'), ('min_samples_leaf', 2)]",0.6197260887962975,0.24888888888888888,0.09333333333333334
extra_trees,3,"{'max_depth': 12, 'min_samples_leaf': 2, 'max_features': 'sqrt', 'class_weight': 'balanced', 'fit_weight': 'none'}","[('class_weight', 'balanced'), ('fit_weight', 'none'), ('max_depth', 12), ('max_features', 'sqrt'), ('min_samples_leaf', 2)]",0.5882712215320911,0.20444444444444446,0.07111111111111111
extra_trees,4,"{'max_depth': 12, 'min_samples_leaf': 2, 'max_features': 'sqrt', 'class_weight': 'balanced', 'fit_weight': 'none'}","[('class_weight', 'balanced'), ('fit_weight', 'none'), ('max_depth', 12), ('max_features', 'sqrt'), ('min_samples_leaf', 2)]",0.5711376918673536,0.26785714285714285,0.08928571428571429
extra_trees,5,"{'max_depth': 12, 'min_samples_leaf': 2, 'max_features': 'sqrt', 'class_weight': 'balanced', 'fit_weight': 'none'}","[('class_weight', 'balanced'), ('fit_weight', 'none'), ('max_depth', 12), ('max_features', 'sqrt'), ('min_samples_leaf', 2)]",0.6522507943545408,0.14732142857142858,0.04017857142857143
extra_trees,1,"{'max_depth': 12, 'min_samples_leaf': 3, 'max_features': 'sqrt', 'class_weight': None, 'fit_weight': 'none'}","[('class_weight', None), ('fit_weight', 'none'), ('max_depth', 12), ('max_features', 'sqrt'), ('min_samples_leaf', 3)]",0.36314103800887515,0.2311111111111111,0.07555555555555556
extra_trees,2,"{'max_depth': 12, 'min_samples_leaf': 3, 'max_features': 'sqrt', 'class_weight': None, 'fit_weight': 'none'}","[('class_weight', None), ('fit_weight', 'none'), ('max_depth', 12), ('max_features', 'sqrt'), ('min_samples_leaf', 3)]",0.41674752920035935,0.3022222222222222,0.10666666666666667
extra_trees,3,"{'max_depth': 12, 'min_samples_leaf': 3, 'max_features': 'sqrt', 'class_weight': None, 'fit_weight': 'none'}","[('class_weight', None), ('fit_weight', 'none'), ('max_depth', 12), ('max_features', 'sqrt'), ('min_samples_leaf', 3)]",0.44815055158987677,0.26666666666666666,0.09333333333333334
extra_trees,4,"{'max_depth': 12, 'min_samples_leaf': 3, 'max_features': 'sqrt', 'class_weight': None, 'fit_weight': 'none'}","[('class_weight', None), ('fit_weight', 'none'), ('max_depth', 12), ('max_features', 'sqrt'), ('min_samples_leaf', 3)]",0.45716290975146556,0.24553571428571427,0.08035714285714286
extra_trees,5,"{'max_depth': 12, 'min_samples_leaf': 3, 'max_features': 'sqrt', 'class_weight': None, 'fit_weight': 'none'}","[('class_weight', None), ('fit_weight', 'none'), ('max_depth', 12), ('max_features', 'sqrt'), ('min_samples_leaf', 3)]",0.4723888232979142,0.20982142857142858,0.0625
extra_trees,1,"{'max_depth': 12, 'min_samples_leaf': 3, 'max_features': 'sqrt', 'class_weight': 'balanced', 'fit_weight': 'none'}","[('class_weight', 'balanced'), ('fit_weight', 'none'), ('max_depth', 12), ('max_features', 'sqrt'), ('min_samples_leaf', 3)]",0.5954211928673908,0.24888888888888888,0.09333333333333334
extra_trees,2,"{'max_depth': 12, 'min_samples_leaf': 3, 'max_features': 'sqrt', 'class_weight': 'balanced', 'fit_weight': 'none'}","[('class_weight', 'balanced'), ('fit_weight', 'none'), ('max_depth', 12), ('max_features', 'sqrt'), ('min_samples_leaf', 3)]",0.6844384167168978,0.27111111111111114,0.10666666666666667
extra_trees,3,"{'max_depth': 12, 'min_samples_leaf': 3, 'max_features': 'sqrt', 'class_weight': 'balanced', 'fit_weight': 'none'}","[('class_weight', 'balanced'), ('fit_weight', 'none'), ('max_depth', 12), ('max_features', 'sqrt'), ('min_samples_leaf', 3)]",0.5149233511586453,0.27555555555555555,0.09333333333333334
extra_trees,4,"{'max_depth': 12, 'min_samples_leaf': 3, 'max_features': 'sqrt', 'class_weight': 'balanced', 'fit_weight': 'none'}","[('class_weight', 'balanced'), ('fit_weight', 'none'), ('max_depth', 12), ('max_features', 'sqrt'), ('min_samples_leaf', 3)]",0.511341474445952,0.35714285714285715,0.12053571428571429
extra_trees,5,"{'max_depth': 12, 'min_samples_leaf': 3, 'max_features': 'sqrt', 'class_weight': 'balanced', 'fit_weight': 'none'}","[('class_weight', 'balanced'), ('fit_weight', 'none'), ('max_depth', 12), ('max_features', 'sqrt'), ('min_samples_leaf', 3)]",0.6594043247654018,0.15625,0.044642857142857144
extra_trees,1,"{'max_depth': None, 'min_samples_leaf': 1, 'max_features': 'sqrt', 'class_weight': None, 'fit_weight': 'balanced'}","[('class_weight', None), ('fit_weight', 'balanced'), ('max_depth', None), ('max_features', 'sqrt'), ('min_samples_leaf', 1)]",0.704118766653978,0.09333333333333334,0.02666666666666667
extra_trees,2,"{'max_depth': None, 'min_samples_leaf': 1, 'max_features': 'sqrt', 'class_weight': None, 'fit_weight': 'balanced'}","[('class_weight', None), ('fit_weight', 'balanced'), ('max_depth', None), ('max_features', 'sqrt'), ('min_samples_leaf', 1)]",0.7281140422742913,0.1288888888888889,0.044444444444444446
extra_trees,3,"{'max_depth': None, 'min_samples_leaf': 1, 'max_features': 'sqrt', 'class_weight': None, 'fit_weight': 'balanced'}","[('class_weight', None), ('fit_weight', 'balanced'), ('max_depth', None), ('max_features', 'sqrt'), ('min_samples_leaf', 1)]",0.6754110941820439,0.13777777777777778,0.04888888888888889
extra_trees,4,"{'max_depth': None, 'min_samples_leaf': 1, 'max_features': 'sqrt', 'class_weight': None, 'fit_weight': 'balanced'}","[('class_weight', None), ('fit_weight', 'balanced'), ('max_depth', None), ('max_features', 'sqrt'), ('min_samples_leaf', 1)]",0.6460533061381991,0.125,0.03571428571428571
extra_trees,5,"{'max_depth': None, 'min_samples_leaf': 1, 'max_features': 'sqrt', 'class_weight': None, 'fit_weight': 'balanced'}","[('class_weight', None), ('fit_weight', 'balanced'), ('max_depth', None), ('max_features', 'sqrt'), ('min_samples_leaf', 1)]",0.7236336996336996,0.08035714285714286,0.017857142857142856
extra_trees,1,"{'max_depth': None, 'min_samples_leaf': 3, 'max_features': 'sqrt', 'class_weight': None, 'fit_weight': 'balanced'}","[('class_weight', None), ('fit_weight', 'balanced'), ('max_depth', None), ('max_features', 'sqrt'), ('min_samples_leaf', 3)]",0.6268856023899252,0.17333333333333334,0.06222222222222222
extra_trees,2,"{'max_depth': None, 'min_samples_leaf': 3, 'max_features': 'sqrt', 'class_weight': None, 'fit_weight': 'balanced'}","[('class_weight', None), ('fit_weight', 'balanced'), ('max_depth', None), ('max_features', 'sqrt'), ('min_samples_leaf', 3)]",0.6402130943991409,0.2222222222222222,0.08
extra_trees,3,"{'max_depth': None, 'min_samples_leaf': 3, 'max_features': 'sqrt', 'class_weight': None, 'fit_weight': 'balanced'}","[('class_weight', None), ('fit_weight', 'balanced'), ('max_depth', None), ('max_features', 'sqrt'), ('min_samples_leaf', 3)]",0.5504217687074829,0.22666666666666666,0.07555555555555556
extra_trees,4,"{'max_depth': None, 'min_samples_leaf': 3, 'max_features': 'sqrt', 'class_weight': None, 'fit_weight': 'balanced'}","[('class_weight', None), ('fit_weight', 'balanced'), ('max_depth', None), ('max_features', 'sqrt'), ('min_samples_leaf', 3)]",0.5642884668318194,0.21428571428571427,0.06696428571428571
extra_trees,5,"{'max_depth': None, 'min_samples_leaf': 3, 'max_features': 'sqrt', 'class_weight': None, 'fit_weight': 'balanced'}","[('class_weight', None), ('fit_weight', 'balanced'), ('max_depth', None), ('max_features', 'sqrt'), ('min_samples_leaf', 3)]",0.6796089427813566,0.13392857142857142,0.03571428571428571
xgboost,1,"{'max_depth': 3, 'learning_rate': 0.05, 'subsample': 0.9, 'colsample_bytree': 0.8, 'min_child_weight': 1}","[('colsample_bytree', 0.8), ('learning_rate', 0.05), ('max_depth', 3), ('min_child_weight', 1), ('subsample', 0.9)]",0.7640037381972865,0.15555555555555556,0.044444444444444446
xgboost,2,"{'max_depth': 3, 'learning_rate': 0.05, 'subsample': 0.9, 'colsample_bytree': 0.8, 'min_child_weight': 1}","[('colsample_bytree', 0.8), ('learning_rate', 0.05), ('max_depth', 3), ('min_child_weight', 1), ('subsample', 0.9)]",0.7367775603392042,0.16444444444444445,0.04
xgboost,3,"{'max_depth': 3, 'learning_rate': 0.05, 'subsample': 0.9, 'colsample_bytree': 0.8, 'min_child_weight': 1}","[('colsample_bytree', 0.8), ('learning_rate', 0.05), ('max_depth', 3), ('min_child_weight', 1), ('subsample', 0.9)]",0.5912489557226399,0.2311111111111111,0.057777777777777775
xgboost,4,"{'max_depth': 3, 'learning_rate': 0.05, 'subsample': 0.9, 'colsample_bytree': 0.8, 'min_child_weight': 1}","[('colsample_bytree', 0.8), ('learning_rate', 0.05), ('max_depth', 3), ('min_child_weight', 1), ('subsample', 0.9)]",0.634473991224733,0.16964285714285715,0.04017857142857143
xgboost,5,"{'max_depth': 3, 'learning_rate': 0.05, 'subsample': 0.9, 'colsample_bytree': 0.8, 'min_child_weight': 1}","[('colsample_bytree', 0.8), ('learning_rate', 0.05), ('max_depth', 3), ('min_child_weight', 1), ('subsample', 0.9)]",0.7211259437575227,0.20535714285714285,0.05357142857142857
xgboost,1,"{'max_depth': 3, 'learning_rate': 0.05, 'subsample': 0.9, 'colsample_bytree': 1.0, 'min_child_weight': 1}","[('colsample_bytree', 1.0), ('learning_rate', 0.05), ('max_depth', 3), ('min_child_weight', 1), ('subsample', 0.9)]",0.7842619965068944,0.12,0.035555555555555556
xgboost,2,"{'max_depth': 3, 'learning_rate': 0.05, 'subsample': 0.9, 'colsample_bytree': 1.0, 'min_child_weight': 1}","[('colsample_bytree', 1.0), ('learning_rate', 0.05), ('max_depth', 3), ('min_child_weight', 1), ('subsample', 0.9)]",0.73567947931575,0.16,0.035555555555555556
xgboost,3,"{'max_depth': 3, 'learning_rate': 0.05, 'subsample': 0.9, 'colsample_bytree': 1.0, 'min_child_weight': 1}","[('colsample_bytree', 1.0), ('learning_rate', 0.05), ('max_depth', 3), ('min_child_weight', 1), ('subsample', 0.9)]",0.5854010025062657,0.24444444444444444,0.06222222222222222
xgboost,4,"{'max_depth': 3, 'learning_rate': 0.05, 'subsample': 0.9, 'colsample_bytree': 1.0, 'min_child_weight': 1}","[('colsample_bytree', 1.0), ('learning_rate', 0.05), ('max_depth', 3), ('min_child_weight', 1), ('subsample', 0.9)]",0.6435550591544634,0.15178571428571427,0.044642857142857144
xgboost,5,"{'max_depth': 3, 'learning_rate': 0.05, 'subsample': 0.9, 'colsample_bytree': 1.0, 'min_child_weight': 1}","[('colsample_bytree', 1.0), ('learning_rate', 0.05), ('max_depth', 3), ('min_child_weight', 1), ('subsample', 0.9)]",0.7243636794383063,0.19642857142857142,0.05357142857142857
xgboost,1,"{'max_depth': 4, 'learning_rate': 0.05, 'subsample': 0.9, 'colsample_bytree': 0.8, 'min_child_weight': 1}","[('colsample_bytree', 0.8), ('learning_rate', 0.05), ('max_depth', 4), ('min_child_weight', 1), ('subsample', 0.9)]",0.8128568443051203,0.08,0.017777777777777778
xgboost,2,"{'max_depth': 4, 'learning_rate': 0.05, 'subsample': 0.9, 'colsample_bytree': 0.8, 'min_child_weight': 1}","[('colsample_bytree', 0.8), ('learning_rate', 0.05), ('max_depth', 4), ('min_child_weight', 1), ('subsample', 0.9)]",0.781650207072316,0.08888888888888889,0.022222222222222223
xgboost,3,"{'max_depth': 4, 'learning_rate': 0.05, 'subsample': 0.9, 'colsample_bytree': 0.8, 'min_child_weight': 1}","[('colsample_bytree', 0.8), ('learning_rate', 0.05), ('max_depth', 4), ('min_child_weight', 1), ('subsample', 0.9)]",0.6350101511391834,0.18666666666666668,0.04888888888888889
xgboost,4,"{'max_depth': 4, 'learning_rate': 0.05, 'subsample': 0.9, 'colsample_bytree': 0.8, 'min_child_weight': 1}","[('colsample_bytree', 0.8), ('learning_rate', 0.05), ('max_depth', 4), ('min_child_weight', 1), ('subsample', 0.9)]",0.6102150537634408,0.14732142857142858,0.044642857142857144
xgboost,5,"{'max_depth': 4, 'learning_rate': 0.05, 'subsample': 0.9, 'colsample_bytree': 0.8, 'min_child_weight': 1}","[('colsample_bytree', 0.8), ('learning_rate', 0.05), ('max_depth', 4), ('min_child_weight', 1), ('subsample', 0.9)]",0.675577178239717,0.16517857142857142,0.04017857142857143
xgboost,1,"{'max_depth': 4, 'learning_rate': 0.05, 'subsample': 0.9, 'colsample_bytree': 1.0, 'min_child_weight': 1}","[('colsample_bytree', 1.0), ('learning_rate', 0.05), ('max_depth', 4), ('min_child_weight', 1), ('subsample', 0.9)]",0.774774972960091,0.08444444444444445,0.017777777777777778
xgboost,2,"{'max_depth': 4, 'learning_rate': 0.05, 'subsample': 0.9, 'colsample_bytree': 1.0, 'min_child_weight': 1}","[('colsample_bytree', 1.0), ('learning_rate', 0.05), ('max_depth', 4), ('min_child_weight', 1), ('subsample', 0.9)]",0.785107556536128,0.08,0.017777777777777778
xgboost,3,"{'max_depth': 4, 'learning_rate': 0.05, 'subsample': 0.9, 'colsample_bytree': 1.0, 'min_child_weight': 1}","[('colsample_bytree', 1.0), ('learning_rate', 0.05), ('max_depth', 4), ('min_child_weight', 1), ('subsample', 0.9)]",0.6186880891036821,0.19111111111111112,0.04888888888888889
xgboost,4,"{'max_depth': 4, 'learning_rate': 0.05, 'subsample': 0.9, 'colsample_bytree': 1.0, 'min_child_weight': 1}","[('colsample_bytree', 1.0), ('learning_rate', 0.05), ('max_depth', 4), ('min_child_weight', 1), ('subsample', 0.9)]",0.6553194166851728,0.14285714285714285,0.04017857142857143
xgboost,5,"{'max_depth': 4, 'learning_rate': 0.05, 'subsample': 0.9, 'colsample_bytree': 1.0, 'min_child_weight': 1}","[('colsample_bytree', 1.0), ('learning_rate', 0.05), ('max_depth', 4), ('min_child_weight', 1), ('subsample', 0.9)]",0.6867723453017571,0.13839285714285715,0.03125
lightgbm,1,"{'max_depth': 3, 'learning_rate': 0.05, 'subsample': 0.9, 'num_leaves': 15, 'min_child_samples': 10}","[('learning_rate', 0.05), ('max_depth', 3), ('min_child_samples', 10), ('num_leaves', 15), ('subsample', 0.9)]",0.8011372943755773,0.07111111111111111,0.013333333333333334
lightgbm,2,"{'max_depth': 3, 'learning_rate': 0.05, 'subsample': 0.9, 'num_leaves': 15, 'min_child_samples': 10}","[('learning_rate', 0.05), ('max_depth', 3), ('min_child_samples', 10), ('num_leaves', 15), ('subsample', 0.9)]",0.7585628844395188,0.12,0.03111111111111111
lightgbm,3,"{'max_depth': 3, 'learning_rate': 0.05, 'subsample': 0.9, 'num_leaves': 15, 'min_child_samples': 10}","[('learning_rate', 0.05), ('max_depth', 3), ('min_child_samples', 10), ('num_leaves', 15), ('subsample', 0.9)]",0.6795835838369776,0.18666666666666668,0.04888888888888889
lightgbm,4,"{'max_depth': 3, 'learning_rate': 0.05, 'subsample': 0.9, 'num_leaves': 15, 'min_child_samples': 10}","[('learning_rate', 0.05), ('max_depth', 3), ('min_child_samples', 10), ('num_leaves', 15), ('subsample', 0.9)]",0.6091176470588235,0.14285714285714285,0.03571428571428571
lightgbm,5,"{'max_depth': 3, 'learning_rate': 0.05, 'subsample': 0.9, 'num_leaves': 15, 'min_child_samples': 10}","[('learning_rate', 0.05), ('max_depth', 3), ('min_child_samples', 10), ('num_leaves', 15), ('subsample', 0.9)]",0.739395595814462,0.15625,0.044642857142857144
lightgbm,1,"{'max_depth': 3, 'learning_rate': 0.05, 'subsample': 0.9, 'num_leaves': 31, 'min_child_samples': 10}","[('learning_rate', 0.05), ('max_depth', 3), ('min_child_samples', 10), ('num_leaves', 31), ('subsample', 0.9)]",0.8011372943755773,0.07111111111111111,0.013333333333333334
lightgbm,2,"{'max_depth': 3, 'learning_rate': 0.05, 'subsample': 0.9, 'num_leaves': 31, 'min_child_samples': 10}","[('learning_rate', 0.05), ('max_depth', 3), ('min_child_samples', 10), ('num_leaves', 31), ('subsample', 0.9)]",0.7585628844395188,0.12,0.03111111111111111
lightgbm,3,"{'max_depth': 3, 'learning_rate': 0.05, 'subsample': 0.9, 'num_leaves': 31, 'min_child_samples': 10}","[('learning_rate', 0.05), ('max_depth', 3), ('min_child_samples', 10), ('num_leaves', 31), ('subsample', 0.9)]",0.6795835838369776,0.18666666666666668,0.04888888888888889
lightgbm,4,"{'max_depth': 3, 'learning_rate': 0.05, 'subsample': 0.9, 'num_leaves': 31, 'min_child_samples': 10}","[('learning_rate', 0.05), ('max_depth', 3), ('min_child_samples', 10), ('num_leaves', 31), ('subsample', 0.9)]",0.6091176470588235,0.14285714285714285,0.03571428571428571
lightgbm,5,"{'max_depth': 3, 'learning_rate': 0.05, 'subsample': 0.9, 'num_leaves': 31, 'min_child_samples': 10}","[('learning_rate', 0.05), ('max_depth', 3), ('min_child_samples', 10), ('num_leaves', 31), ('subsample', 0.9)]",0.739395595814462,0.15625,0.044642857142857144
lightgbm,1,"{'max_depth': 5, 'learning_rate': 0.05, 'subsample': 0.9, 'num_leaves': 15, 'min_child_samples': 10}","[('learning_rate', 0.05), ('max_depth', 5), ('min_child_samples', 10), ('num_leaves', 15), ('subsample', 0.9)]",0.7799221559221559,0.07555555555555556,0.013333333333333334
lightgbm,2,"{'max_depth': 5, 'learning_rate': 0.05, 'subsample': 0.9, 'num_leaves': 15, 'min_child_samples': 10}","[('learning_rate', 0.05), ('max_depth', 5), ('min_child_samples', 10), ('num_leaves', 15), ('subsample', 0.9)]",0.7948313905669474,0.06222222222222222,0.013333333333333334
lightgbm,3,"{'max_depth': 5, 'learning_rate': 0.05, 'subsample': 0.9, 'num_leaves': 15, 'min_child_samples': 10}","[('learning_rate', 0.05), ('max_depth', 5), ('min_child_samples', 10), ('num_leaves', 15), ('subsample', 0.9)]",0.6820593801253206,0.13777777777777778,0.035555555555555556
lightgbm,4,"{'max_depth': 5, 'learning_rate': 0.05, 'subsample': 0.9, 'num_leaves': 15, 'min_child_samples': 10}","[('learning_rate', 0.05), ('max_depth', 5), ('min_child_samples', 10), ('num_leaves', 15), ('subsample', 0.9)]",0.6230200315214723,0.10267857142857142,0.026785714285714284
lightgbm,5,"{'max_depth': 5, 'learning_rate': 0.05, 'subsample': 0.9, 'num_leaves': 15, 'min_child_samples': 10}","[('learning_rate', 0.05), ('max_depth', 5), ('min_child_samples', 10), ('num_leaves', 15), ('subsample', 0.9)]",0.8260293969596295,0.05803571428571429,0.017857142857142856
lightgbm,1,"{'max_depth': 5, 'learning_rate': 0.05, 'subsample': 0.9, 'num_leaves': 31, 'min_child_samples': 10}","[('learning_rate', 0.05), ('max_depth', 5), ('min_child_samples', 10), ('num_leaves', 31), ('subsample', 0.9)]",0.7349209349209349,0.08,0.013333333333333334
lightgbm,2,"{'max_depth': 5, 'learning_rate': 0.05, 'subsample': 0.9, 'num_leaves': 31, 'min_child_samples': 10}","[('learning_rate', 0.05), ('max_depth', 5), ('min_child_samples', 10), ('num_leaves', 31), ('subsample', 0.9)]",0.7923876477633703,0.07111111111111111,0.013333333333333334
lightgbm,3,"{'max_depth': 5, 'learning_rate': 0.05, 'subsample': 0.9, 'num_leaves': 31, 'min_child_samples': 10}","[('learning_rate', 0.05), ('max_depth', 5), ('min_child_samples', 10), ('num_leaves', 31), ('subsample', 0.9)]",0.6856643164157615,0.12444444444444444,0.03111111111111111
lightgbm,4,"{'max_depth': 5, 'learning_rate': 0.05, 'subsample': 0.9, 'num_leaves': 31, 'min_child_samples': 10}","[('learning_rate', 0.05), ('max_depth', 5), ('min_child_samples', 10), ('num_leaves', 31), ('subsample', 0.9)]",0.6276484052346121,0.10714285714285714,0.026785714285714284
lightgbm,5,"{'max_depth': 5, 'learning_rate': 0.05, 'subsample': 0.9, 'num_leaves': 31, 'min_child_samples': 10}","[('learning_rate', 0.05), ('max_depth', 5), ('min_child_samples', 10), ('num_leaves', 31), ('subsample', 0.9)]",0.7778373800112931,0.0625,0.017857142857142856
